customer_id,age,region,contract_type,plan,monthly_charge_eur,tenure_months,avg_calls_per_month,avg_data_gb,support_calls,late_payments,churned
CUST-0001,56,Utrecht,2-Year,Basic,34.52,25,195,30.5,6,0,0
CUST-0002,69,Utrecht,Monthly,Basic,21.0,67,40,34.7,4,3,1
CUST-0003,46,Noord-Holland,Monthly,Basic,29.72,62,164,19.5,7,1,1
CUST-0004,32,Gelderland,Monthly,Basic,21.11,55,50,43.5,4,4,1
CUST-0005,60,Noord-Brabant,1-Year,Basic,25.63,46,14,28.6,0,1,0
CUST-0006,25,Zuid-Holland,1-Year,Standard,49.89,24,7,22.3,8,1,0
CUST-0007,38,Noord-Holland,Monthly,Premium,91.34,46,37,3.8,3,4,0
CUST-0008,56,Noord-Holland,2-Year,Standard,58.49,22,113,23.5,1,3,0
CUST-0009,36,Overijssel,Monthly,Standard,53.88,11,82,41.1,3,1,0
CUST-0010,40,Zuid-Holland,1-Year,Basic,24.82,48,55,30.9,8,2,0
CUST-0011,28,Overijssel,1-Year,Premium,77.31,8,174,41.7,1,1,0
CUST-0012,28,Noord-Brabant,2-Year,Standard,37.0,39,102,25.0,3,4,0
CUST-0013,41,Noord-Holland,1-Year,Basic,25.59,35,137,6.4,1,0,0
CUST-0014,53,Noord-Holland,2-Year,Standard,50.75,49,101,1.2,4,1,0
CUST-0015,57,Gelderland,Monthly,Basic,25.54,46,77,15.5,2,3,0
CUST-0016,41,Noord-Brabant,2-Year,Standard,54.59,38,176,35.1,9,2,0
CUST-0017,20,Noord-Holland,Monthly,Standard,41.93,8,168,39.6,1,2,0
CUST-0018,39,Noord-Brabant,2-Year,Premium,84.6,54,82,15.1,8,0,0
CUST-0019,19,Zuid-Holland,1-Year,Standard,38.11,37,29,25.0,4,0,0
CUST-0020,41,Utrecht,2-Year,Premium,98.48,40,4,21.3,9,1,1
CUST-0021,61,Noord-Holland,Monthly,Premium,80.36,34,118,20.8,4,4,0
CUST-0022,47,Gelderland,1-Year,Basic,29.93,17,198,12.0,0,3,0
CUST-0023,55,Zuid-Holland,1-Year,Basic,27.26,33,30,7.3,5,2,0
CUST-0024,19,Noord-Brabant,1-Year,Standard,36.01,47,179,10.2,6,0,0
CUST-0025,38,Overijssel,Monthly,Standard,45.14,52,22,3.2,0,3,0
CUST-0026,50,Zuid-Holland,Monthly,Standard,47.91,9,47,10.3,8,4,1
CUST-0027,29,Noord-Holland,Monthly,Premium,71.3,33,108,1.0,7,2,1
CUST-0028,39,Noord-Brabant,Monthly,Premium,71.16,60,39,31.5,7,2,0
CUST-0029,61,Utrecht,2-Year,Standard,51.81,21,5,16.2,6,4,1
CUST-0030,42,Zuid-Holland,Monthly,Standard,47.03,58,37,48.7,4,2,1
CUST-0031,66,Noord-Holland,2-Year,Premium,62.2,69,168,10.1,2,4,0
CUST-0032,44,Gelderland,Monthly,Premium,83.14,10,99,17.6,8,2,1
CUST-0033,59,Overijssel,Monthly,Premium,63.3,6,26,18.2,6,1,0
CUST-0034,45,Noord-Brabant,1-Year,Basic,27.77,13,68,0.9,9,4,1
CUST-0035,33,Zuid-Holland,1-Year,Standard,37.15,65,56,42.0,9,3,1
CUST-0036,32,Zuid-Holland,Monthly,Basic,30.07,20,16,2.1,7,1,1
CUST-0037,64,Utrecht,1-Year,Basic,29.31,57,70,47.0,5,3,0
CUST-0038,68,Utrecht,1-Year,Basic,31.13,46,46,44.7,4,2,1
CUST-0039,61,Gelderland,Monthly,Standard,46.0,8,78,27.0,7,3,1
CUST-0040,69,Overijssel,2-Year,Standard,51.1,10,109,27.4,2,1,0
CUST-0041,20,Gelderland,2-Year,Basic,33.36,67,12,32.9,6,4,0
CUST-0042,54,Noord-Holland,1-Year,Standard,36.36,11,138,19.7,1,0,0
CUST-0043,68,Noord-Holland,Monthly,Standard,49.99,12,123,32.5,2,3,1
CUST-0044,24,Gelderland,1-Year,Standard,57.56,10,108,2.7,1,0,0
CUST-0045,38,Overijssel,Monthly,Basic,28.96,25,89,3.2,4,3,1
CUST-0046,26,Gelderland,Monthly,Standard,40.41,49,85,23.1,6,3,0
CUST-0047,56,Overijssel,Monthly,Premium,92.43,49,91,27.7,9,4,0
CUST-0048,35,Overijssel,Monthly,Basic,28.68,11,23,44.4,9,2,0
CUST-0049,21,Noord-Brabant,2-Year,Basic,29.49,62,72,5.7,0,1,0
CUST-0050,42,Overijssel,1-Year,Standard,55.66,36,3,41.2,9,1,0
CUST-0051,31,Utrecht,1-Year,Premium,98.43,39,112,10.9,8,1,0
CUST-0052,67,Overijssel,Monthly,Standard,43.83,53,45,20.0,0,2,1
CUST-0053,26,Overijssel,Monthly,Standard,54.99,56,17,16.2,0,0,0
CUST-0054,43,Overijssel,Monthly,Standard,48.87,1,42,20.3,9,1,0
CUST-0055,19,Noord-Holland,2-Year,Standard,55.65,56,160,7.9,7,0,0
CUST-0056,37,Utrecht,Monthly,Basic,23.62,4,92,25.4,5,2,1
CUST-0057,45,Utrecht,2-Year,Standard,54.61,30,102,40.2,5,2,0
CUST-0058,64,Gelderland,1-Year,Premium,99.82,12,123,22.4,8,4,0
CUST-0059,24,Noord-Brabant,Monthly,Standard,45.35,35,9,24.8,3,1,1
CUST-0060,61,Overijssel,1-Year,Premium,81.53,52,72,42.5,7,4,0
CUST-0061,25,Zuid-Holland,Monthly,Premium,81.33,31,186,35.4,3,1,1
CUST-0062,64,Noord-Brabant,2-Year,Basic,21.15,68,30,24.8,1,2,0
CUST-0063,52,Noord-Brabant,2-Year,Premium,66.77,52,155,13.3,7,2,1
CUST-0064,31,Utrecht,Monthly,Basic,25.74,7,59,44.3,6,3,1
CUST-0065,34,Noord-Brabant,Monthly,Standard,49.29,22,130,29.1,3,3,1
CUST-0066,53,Overijssel,1-Year,Basic,29.89,56,117,11.4,8,2,1
CUST-0067,67,Overijssel,2-Year,Basic,31.94,58,182,13.8,8,2,1
CUST-0068,57,Noord-Holland,Monthly,Standard,50.11,64,13,40.3,7,0,1
CUST-0069,21,Overijssel,1-Year,Basic,30.39,12,185,2.7,0,0,0
CUST-0070,19,Overijssel,1-Year,Standard,48.09,7,142,49.6,6,4,1
CUST-0071,23,Utrecht,1-Year,Standard,40.67,55,1,7.0,4,3,0
CUST-0072,59,Overijssel,Monthly,Basic,29.55,62,23,39.9,6,3,1
CUST-0073,21,Noord-Holland,1-Year,Basic,24.87,55,63,20.0,8,2,1
CUST-0074,46,Zuid-Holland,2-Year,Standard,46.05,36,198,24.9,1,2,0
CUST-0075,35,Utrecht,Monthly,Standard,39.08,24,99,44.1,3,4,1
CUST-0076,43,Zuid-Holland,Monthly,Premium,66.82,44,113,20.9,3,3,1
CUST-0077,61,Utrecht,2-Year,Standard,40.06,17,23,27.1,1,0,0
CUST-0078,51,Gelderland,Monthly,Premium,73.88,2,154,2.9,2,1,0
CUST-0079,27,Noord-Brabant,2-Year,Standard,36.28,13,164,0.6,7,4,1
CUST-0080,53,Gelderland,Monthly,Standard,44.94,31,90,12.6,8,1,0
CUST-0081,31,Overijssel,Monthly,Standard,47.79,28,166,34.2,5,0,0
CUST-0082,48,Zuid-Holland,2-Year,Basic,31.67,60,190,6.5,9,0,0
CUST-0083,65,Overijssel,Monthly,Standard,44.57,27,25,6.1,1,1,0
CUST-0084,32,Noord-Brabant,1-Year,Premium,73.68,15,64,20.8,1,4,0
CUST-0085,25,Utrecht,Monthly,Standard,38.63,33,119,32.6,6,1,1
CUST-0086,31,Noord-Brabant,1-Year,Premium,69.53,20,3,35.7,7,4,0
CUST-0087,40,Noord-Holland,Monthly,Premium,68.98,42,156,9.3,7,4,0
CUST-0088,57,Noord-Brabant,Monthly,Premium,80.18,12,0,4.4,5,2,1
CUST-0089,38,Noord-Holland,2-Year,Premium,70.43,23,49,47.0,9,3,0
CUST-0090,33,Noord-Brabant,Monthly,Standard,49.15,14,109,13.4,7,3,1
CUST-0091,62,Noord-Holland,1-Year,Standard,56.95,25,138,42.7,0,0,0
CUST-0092,35,Zuid-Holland,Monthly,Standard,48.95,31,73,43.2,8,2,1
CUST-0093,64,Overijssel,1-Year,Standard,58.99,54,186,38.7,0,3,0
CUST-0094,41,Overijssel,Monthly,Standard,36.22,5,61,8.9,2,4,1
CUST-0095,43,Gelderland,2-Year,Premium,82.85,13,80,41.2,8,4,0
CUST-0096,42,Overijssel,Monthly,Standard,36.1,28,163,38.6,4,1,1
CUST-0097,62,Utrecht,Monthly,Standard,39.63,43,55,30.0,8,1,1
CUST-0098,58,Noord-Brabant,Monthly,Basic,33.47,47,110,17.2,8,4,0
CUST-0099,46,Gelderland,Monthly,Standard,51.14,71,20,13.5,5,4,1
CUST-0100,32,Utrecht,1-Year,Basic,24.88,38,140,6.5,0,1,0
CUST-0101,62,Utrecht,Monthly,Premium,88.72,67,8,25.7,9,3,1
CUST-0102,18,Noord-Holland,2-Year,Standard,56.05,62,138,29.5,6,0,0
CUST-0103,42,Overijssel,Monthly,Basic,32.38,39,69,18.3,5,1,1
CUST-0104,24,Zuid-Holland,Monthly,Basic,32.67,37,128,24.0,8,3,0
CUST-0105,26,Zuid-Holland,1-Year,Standard,39.25,8,117,18.5,6,3,0
CUST-0106,41,Gelderland,1-Year,Standard,38.17,52,197,32.2,3,3,1
CUST-0107,18,Zuid-Holland,Monthly,Standard,38.08,33,55,45.1,6,2,1
CUST-0108,61,Noord-Brabant,Monthly,Basic,21.42,42,30,8.6,1,2,0
CUST-0109,25,Zuid-Holland,Monthly,Standard,41.15,27,36,19.4,5,3,1
CUST-0110,41,Gelderland,1-Year,Standard,43.95,8,174,7.5,5,4,0
CUST-0111,28,Zuid-Holland,1-Year,Standard,59.74,23,90,31.4,1,2,0
CUST-0112,68,Noord-Brabant,Monthly,Standard,52.11,64,113,36.6,3,1,0
CUST-0113,34,Noord-Holland,2-Year,Standard,58.72,20,127,46.6,7,2,0
CUST-0114,25,Gelderland,2-Year,Basic,34.96,16,174,14.3,7,4,0
CUST-0115,52,Noord-Holland,1-Year,Premium,72.84,17,121,47.5,7,0,0
CUST-0116,52,Noord-Holland,2-Year,Standard,48.87,19,68,3.6,7,2,0
CUST-0117,50,Noord-Holland,Monthly,Standard,36.92,8,185,30.3,0,3,1
CUST-0118,22,Utrecht,Monthly,Basic,21.95,38,35,3.3,1,3,1
CUST-0119,59,Overijssel,Monthly,Standard,51.76,38,31,44.7,3,3,1
CUST-0120,56,Utrecht,Monthly,Basic,25.41,53,63,26.7,8,0,1
CUST-0121,58,Overijssel,1-Year,Standard,45.27,31,198,33.6,2,4,0
CUST-0122,45,Noord-Holland,2-Year,Premium,75.45,44,169,41.7,5,1,0
CUST-0123,24,Gelderland,Monthly,Standard,45.39,60,47,7.9,6,4,0
CUST-0124,26,Overijssel,Monthly,Basic,29.82,17,80,2.4,7,0,1
CUST-0125,25,Noord-Brabant,Monthly,Basic,23.48,39,157,44.0,6,3,0
CUST-0126,29,Noord-Brabant,2-Year,Standard,39.43,42,148,16.1,2,4,0
CUST-0127,51,Zuid-Holland,Monthly,Basic,31.47,48,59,6.9,5,1,1
CUST-0128,50,Overijssel,1-Year,Basic,29.36,12,140,23.7,4,3,0
CUST-0129,65,Gelderland,Monthly,Premium,99.0,18,0,30.1,9,1,1
CUST-0130,40,Utrecht,Monthly,Standard,53.22,6,64,2.0,3,2,0
CUST-0131,41,Noord-Holland,2-Year,Basic,32.56,43,32,14.1,0,1,0
CUST-0132,54,Zuid-Holland,2-Year,Premium,83.06,35,37,2.1,6,3,0
CUST-0133,52,Noord-Brabant,Monthly,Basic,28.45,54,24,21.3,7,2,1
CUST-0134,61,Utrecht,2-Year,Premium,69.66,62,153,44.8,1,3,0
CUST-0135,57,Utrecht,1-Year,Standard,39.48,69,58,49.1,6,3,0
CUST-0136,39,Noord-Holland,2-Year,Premium,88.64,16,160,32.0,5,2,0
CUST-0137,44,Overijssel,Monthly,Standard,51.94,8,100,8.5,4,1,1
CUST-0138,52,Noord-Brabant,1-Year,Premium,63.54,31,126,45.3,3,0,0
CUST-0139,18,Gelderland,Monthly,Premium,87.07,10,40,26.1,1,0,1
CUST-0140,52,Utrecht,1-Year,Basic,26.63,56,157,8.1,9,0,0
CUST-0141,54,Noord-Holland,Monthly,Premium,83.85,70,56,46.1,5,0,0
CUST-0142,64,Gelderland,Monthly,Standard,42.02,20,176,38.0,4,4,1
CUST-0143,31,Overijssel,Monthly,Standard,43.75,5,47,36.7,1,0,1
CUST-0144,20,Noord-Brabant,1-Year,Standard,54.56,23,71,35.6,9,2,0
CUST-0145,18,Overijssel,Monthly,Standard,59.81,9,176,10.4,6,0,1
CUST-0146,22,Utrecht,1-Year,Basic,33.94,58,174,10.9,5,3,1
CUST-0147,43,Gelderland,2-Year,Standard,56.86,59,55,34.6,8,0,0
CUST-0148,31,Gelderland,Monthly,Standard,55.77,54,64,11.4,9,1,0
CUST-0149,56,Gelderland,1-Year,Premium,65.35,46,11,22.2,4,2,0
CUST-0150,44,Utrecht,Monthly,Premium,98.13,22,68,39.2,8,2,1
CUST-0151,26,Utrecht,2-Year,Standard,45.24,64,133,39.3,8,4,0
CUST-0152,32,Overijssel,Monthly,Standard,59.46,8,88,22.9,0,3,0
CUST-0153,32,Zuid-Holland,1-Year,Basic,32.07,20,192,39.7,4,2,0
CUST-0154,43,Overijssel,2-Year,Basic,30.73,51,24,42.0,8,1,0
CUST-0155,59,Noord-Brabant,2-Year,Basic,28.9,39,0,32.9,6,0,0
CUST-0156,30,Noord-Holland,1-Year,Standard,53.27,37,159,11.8,5,2,1
CUST-0157,68,Gelderland,Monthly,Basic,26.82,50,130,14.1,5,1,1
CUST-0158,49,Zuid-Holland,1-Year,Premium,69.55,34,48,16.1,6,0,0
CUST-0159,56,Noord-Holland,2-Year,Standard,55.82,33,146,6.3,0,4,0
CUST-0160,66,Zuid-Holland,1-Year,Standard,55.1,31,59,14.0,3,2,1
CUST-0161,69,Overijssel,Monthly,Standard,56.66,54,156,10.9,0,2,0
CUST-0162,49,Utrecht,2-Year,Basic,22.51,44,177,23.0,5,1,0
CUST-0163,21,Gelderland,1-Year,Standard,52.3,34,1,45.5,3,3,0
CUST-0164,47,Overijssel,1-Year,Standard,38.5,71,72,5.7,0,4,0
CUST-0165,54,Noord-Holland,Monthly,Standard,45.4,62,183,36.2,8,3,1
CUST-0166,40,Noord-Holland,1-Year,Standard,48.71,23,144,34.5,3,2,0
CUST-0167,56,Noord-Holland,Monthly,Premium,92.01,46,187,5.2,5,3,1
CUST-0168,62,Noord-Holland,1-Year,Premium,69.67,56,109,46.2,6,0,0
CUST-0169,32,Noord-Holland,Monthly,Standard,59.91,7,163,28.6,7,4,1
CUST-0170,60,Zuid-Holland,1-Year,Standard,38.38,61,60,18.5,8,3,0
CUST-0171,46,Overijssel,2-Year,Standard,51.89,3,16,37.9,8,0,0
CUST-0172,53,Gelderland,Monthly,Basic,30.58,38,48,13.2,7,1,0
CUST-0173,30,Utrecht,2-Year,Standard,38.33,34,75,34.8,9,3,0
CUST-0174,49,Utrecht,Monthly,Basic,30.02,44,187,2.5,2,4,0
CUST-0175,24,Overijssel,2-Year,Standard,58.73,30,147,42.1,1,0,0
CUST-0176,68,Overijssel,1-Year,Standard,56.99,17,177,22.7,4,3,1
CUST-0177,39,Utrecht,1-Year,Basic,20.29,59,130,32.0,0,1,0
CUST-0178,45,Utrecht,1-Year,Premium,72.51,10,42,11.5,2,3,1
CUST-0179,19,Zuid-Holland,2-Year,Premium,62.44,18,56,34.0,0,0,0
CUST-0180,59,Noord-Brabant,Monthly,Premium,88.06,45,49,38.7,2,3,0
CUST-0181,62,Gelderland,Monthly,Standard,51.73,59,195,23.9,3,4,0
CUST-0182,23,Noord-Holland,1-Year,Premium,76.37,62,177,31.1,6,2,0
CUST-0183,45,Noord-Brabant,2-Year,Basic,34.41,59,36,23.1,4,0,0
CUST-0184,45,Overijssel,1-Year,Premium,87.74,49,45,44.8,4,0,0
CUST-0185,61,Utrecht,1-Year,Basic,27.33,63,169,25.1,0,0,0
CUST-0186,61,Noord-Brabant,Monthly,Premium,72.16,32,14,42.2,7,0,1
CUST-0187,37,Gelderland,2-Year,Basic,22.31,10,160,40.2,3,3,0
CUST-0188,47,Overijssel,Monthly,Premium,71.76,11,79,20.8,9,4,1
CUST-0189,28,Noord-Holland,1-Year,Premium,77.85,70,138,11.9,4,1,0
CUST-0190,45,Noord-Holland,Monthly,Basic,33.82,62,147,20.6,1,4,1
CUST-0191,42,Gelderland,Monthly,Standard,40.25,47,23,41.4,0,0,0
CUST-0192,56,Gelderland,Monthly,Premium,99.49,34,124,11.8,8,3,1
CUST-0193,50,Utrecht,Monthly,Standard,35.63,17,191,26.5,1,3,1
CUST-0194,18,Noord-Holland,1-Year,Premium,86.49,54,117,40.4,5,0,1
CUST-0195,44,Overijssel,Monthly,Standard,54.51,40,79,18.0,0,3,0
CUST-0196,69,Noord-Brabant,Monthly,Standard,49.1,19,93,32.3,0,0,1
CUST-0197,30,Overijssel,Monthly,Basic,21.27,67,64,12.7,8,4,1
CUST-0198,58,Zuid-Holland,Monthly,Basic,29.1,53,87,5.9,3,2,0
CUST-0199,20,Zuid-Holland,Monthly,Premium,82.73,64,87,39.8,8,3,1
CUST-0200,56,Gelderland,Monthly,Standard,54.91,47,144,5.4,4,0,0
CUST-0201,23,Utrecht,1-Year,Standard,53.38,6,125,13.9,6,0,1
CUST-0202,25,Zuid-Holland,1-Year,Standard,50.25,16,88,42.8,0,3,0
CUST-0203,44,Noord-Holland,1-Year,Standard,47.2,18,60,17.7,5,1,1
CUST-0204,26,Overijssel,Monthly,Premium,95.56,52,14,48.7,7,0,1
CUST-0205,54,Overijssel,Monthly,Premium,82.77,48,93,49.0,0,3,0
CUST-0206,50,Gelderland,2-Year,Standard,45.48,43,50,13.8,8,0,0
CUST-0207,68,Noord-Brabant,1-Year,Premium,80.75,39,26,2.5,2,1,0
CUST-0208,59,Gelderland,Monthly,Premium,62.05,49,73,35.4,0,2,0
CUST-0209,61,Noord-Brabant,Monthly,Standard,42.2,12,60,22.8,0,1,0
CUST-0210,41,Gelderland,Monthly,Premium,79.68,10,185,5.5,5,4,1
CUST-0211,32,Gelderland,Monthly,Basic,33.46,71,30,35.5,5,3,1
CUST-0212,49,Gelderland,Monthly,Basic,29.34,55,11,2.0,0,1,0
CUST-0213,49,Noord-Brabant,1-Year,Premium,80.17,1,45,43.6,2,2,1
CUST-0214,41,Noord-Brabant,1-Year,Standard,35.6,49,158,7.4,6,0,0
CUST-0215,58,Gelderland,1-Year,Premium,70.32,36,31,6.8,9,3,0
CUST-0216,69,Zuid-Holland,1-Year,Premium,78.56,21,159,9.2,2,1,0
CUST-0217,66,Utrecht,2-Year,Basic,25.03,37,180,48.0,2,2,0
CUST-0218,66,Utrecht,1-Year,Premium,97.11,24,60,34.8,2,1,0
CUST-0219,69,Utrecht,2-Year,Standard,37.29,55,45,40.2,6,4,0
CUST-0220,29,Noord-Brabant,Monthly,Standard,50.64,25,84,20.2,3,3,1
CUST-0221,56,Noord-Brabant,Monthly,Standard,48.76,7,79,17.1,3,0,0
CUST-0222,19,Zuid-Holland,Monthly,Premium,91.04,71,134,12.1,2,2,1
CUST-0223,20,Utrecht,1-Year,Basic,21.28,71,3,24.3,9,1,0
CUST-0224,66,Utrecht,2-Year,Standard,57.41,24,51,27.8,8,3,0
CUST-0225,54,Gelderland,Monthly,Standard,39.91,11,158,31.8,1,1,1
CUST-0226,66,Noord-Brabant,2-Year,Premium,85.76,12,111,13.2,3,3,0
CUST-0227,34,Utrecht,Monthly,Standard,56.54,35,35,47.5,7,4,1
CUST-0228,66,Overijssel,2-Year,Basic,27.04,63,181,8.9,5,1,0
CUST-0229,19,Zuid-Holland,Monthly,Basic,24.03,68,53,48.3,6,4,0
CUST-0230,19,Overijssel,Monthly,Standard,49.92,57,118,1.2,6,2,1
CUST-0231,45,Overijssel,Monthly,Premium,81.15,13,126,24.3,1,4,0
CUST-0232,40,Zuid-Holland,Monthly,Basic,22.21,23,16,17.0,3,3,1
CUST-0233,54,Overijssel,Monthly,Basic,34.6,39,74,22.7,9,2,1
CUST-0234,49,Utrecht,Monthly,Premium,63.26,12,157,28.7,9,1,1
CUST-0235,50,Noord-Brabant,2-Year,Basic,34.52,34,104,22.1,5,1,0
CUST-0236,18,Zuid-Holland,1-Year,Premium,71.71,71,149,21.0,2,3,1
CUST-0237,36,Gelderland,Monthly,Standard,41.72,31,116,36.8,8,0,1
CUST-0238,19,Overijssel,1-Year,Premium,65.34,62,42,34.5,3,0,0
CUST-0239,61,Zuid-Holland,1-Year,Basic,24.89,13,111,41.7,9,1,1
CUST-0240,43,Noord-Holland,Monthly,Basic,24.49,31,114,12.9,1,3,0
CUST-0241,49,Noord-Holland,Monthly,Premium,66.53,2,26,30.7,5,0,1
CUST-0242,23,Noord-Brabant,Monthly,Premium,64.17,15,36,29.5,0,4,1
CUST-0243,49,Utrecht,Monthly,Premium,65.82,57,45,18.8,5,1,1
CUST-0244,21,Noord-Brabant,1-Year,Basic,25.33,34,112,24.6,9,4,0
CUST-0245,28,Noord-Brabant,Monthly,Premium,81.13,68,34,16.0,0,3,1
CUST-0246,34,Noord-Brabant,1-Year,Premium,78.69,29,131,7.5,7,4,0
CUST-0247,55,Noord-Brabant,1-Year,Standard,39.3,66,79,11.1,4,0,1
CUST-0248,41,Gelderland,Monthly,Premium,85.98,16,79,5.7,5,0,1
CUST-0249,22,Gelderland,1-Year,Premium,94.72,39,153,34.3,1,2,0
CUST-0250,69,Zuid-Holland,Monthly,Standard,42.08,37,120,33.2,1,1,0
CUST-0251,51,Noord-Holland,2-Year,Basic,32.97,21,146,47.6,8,3,0
CUST-0252,23,Noord-Brabant,Monthly,Standard,55.3,44,121,36.6,2,1,0
CUST-0253,39,Zuid-Holland,2-Year,Basic,21.24,19,80,3.1,5,4,1
CUST-0254,28,Noord-Holland,1-Year,Standard,51.23,71,172,44.3,9,3,0
CUST-0255,65,Overijssel,Monthly,Standard,51.72,8,153,43.2,4,3,0
CUST-0256,33,Utrecht,1-Year,Basic,28.45,66,149,22.4,3,0,0
CUST-0257,50,Gelderland,2-Year,Standard,58.32,41,118,29.5,9,4,0
CUST-0258,26,Overijssel,1-Year,Basic,22.06,70,57,48.8,1,0,0
CUST-0259,23,Noord-Holland,2-Year,Premium,97.72,61,62,26.8,7,0,0
CUST-0260,33,Overijssel,2-Year,Premium,84.42,26,155,45.3,9,2,0
CUST-0261,46,Utrecht,Monthly,Basic,22.16,71,192,4.6,6,0,0
CUST-0262,20,Noord-Holland,Monthly,Premium,88.41,70,171,10.0,1,1,0
CUST-0263,37,Overijssel,1-Year,Standard,51.58,29,99,22.3,5,3,0
CUST-0264,53,Gelderland,Monthly,Basic,27.32,66,170,29.4,7,0,0
CUST-0265,36,Gelderland,2-Year,Basic,21.23,19,164,40.9,6,1,0
CUST-0266,43,Zuid-Holland,2-Year,Standard,59.92,68,65,49.4,0,4,0
CUST-0267,20,Overijssel,Monthly,Premium,73.64,58,144,19.7,4,3,1
CUST-0268,36,Noord-Brabant,Monthly,Premium,99.91,70,167,2.8,1,4,0
CUST-0269,37,Overijssel,1-Year,Basic,20.85,57,165,40.2,5,1,0
CUST-0270,49,Noord-Holland,Monthly,Basic,26.28,37,84,30.4,6,4,0
CUST-0271,24,Noord-Holland,2-Year,Standard,40.78,61,188,10.3,6,4,0
CUST-0272,69,Overijssel,Monthly,Basic,30.88,30,136,25.0,2,4,0
CUST-0273,58,Utrecht,1-Year,Basic,28.61,71,188,37.2,6,0,0
CUST-0274,50,Gelderland,Monthly,Basic,30.01,25,143,38.6,4,0,1
CUST-0275,57,Noord-Holland,1-Year,Premium,93.46,65,122,25.2,7,0,1
CUST-0276,56,Gelderland,Monthly,Premium,98.98,6,1,15.6,7,3,0
CUST-0277,35,Noord-Holland,1-Year,Standard,47.5,18,105,48.7,6,1,0
CUST-0278,57,Zuid-Holland,Monthly,Premium,62.61,10,107,33.3,5,0,0
CUST-0279,18,Noord-Brabant,1-Year,Standard,40.98,11,71,20.7,1,4,0
CUST-0280,28,Noord-Holland,2-Year,Standard,53.95,65,170,14.4,5,4,0
CUST-0281,45,Gelderland,Monthly,Basic,33.34,65,125,36.7,8,4,1
CUST-0282,42,Zuid-Holland,Monthly,Standard,42.81,52,169,12.5,1,4,1
CUST-0283,67,Noord-Holland,Monthly,Premium,86.01,67,56,9.0,0,2,1
CUST-0284,40,Utrecht,1-Year,Standard,40.24,31,80,26.7,4,3,1
CUST-0285,48,Noord-Brabant,1-Year,Standard,59.41,17,194,14.9,5,1,0
CUST-0286,47,Noord-Holland,1-Year,Standard,51.14,55,157,31.6,2,1,0
CUST-0287,59,Zuid-Holland,Monthly,Basic,27.25,36,140,6.3,7,0,1
CUST-0288,52,Utrecht,Monthly,Premium,74.49,26,18,32.9,6,2,0
CUST-0289,24,Overijssel,1-Year,Standard,54.55,53,6,14.5,1,1,0
CUST-0290,33,Zuid-Holland,Monthly,Standard,54.15,17,136,0.5,6,3,1
CUST-0291,43,Zuid-Holland,2-Year,Standard,52.29,25,53,6.8,0,4,0
CUST-0292,65,Utrecht,Monthly,Standard,59.14,2,103,46.7,8,0,0
CUST-0293,69,Zuid-Holland,1-Year,Basic,26.81,5,85,43.4,6,3,0
CUST-0294,66,Utrecht,Monthly,Standard,38.27,4,81,12.1,5,1,0
CUST-0295,19,Noord-Holland,Monthly,Basic,21.89,36,60,39.0,1,2,0
CUST-0296,18,Utrecht,1-Year,Premium,85.64,6,86,30.6,2,0,0
CUST-0297,65,Utrecht,1-Year,Premium,72.47,21,1,48.6,0,1,0
CUST-0298,29,Noord-Brabant,2-Year,Premium,81.01,26,177,19.0,9,0,0
CUST-0299,22,Utrecht,Monthly,Standard,47.61,55,30,34.2,4,1,1
CUST-0300,54,Utrecht,Monthly,Standard,42.8,39,32,3.6,8,4,1
CUST-0301,49,Overijssel,1-Year,Basic,27.34,33,79,20.1,5,2,0
CUST-0302,26,Noord-Holland,1-Year,Premium,79.11,14,10,48.2,4,4,0
CUST-0303,58,Noord-Brabant,Monthly,Basic,23.45,56,160,27.2,2,1,1
CUST-0304,52,Overijssel,Monthly,Standard,40.81,21,127,14.8,4,3,1
CUST-0305,36,Gelderland,Monthly,Basic,25.58,46,134,6.5,7,4,1
CUST-0306,65,Noord-Holland,2-Year,Basic,29.93,16,127,35.3,1,3,0
CUST-0307,33,Noord-Holland,Monthly,Standard,39.97,16,30,32.4,4,1,0
CUST-0308,20,Gelderland,Monthly,Basic,28.56,29,175,19.0,5,2,1
CUST-0309,37,Utrecht,Monthly,Premium,65.01,8,125,47.6,9,3,0
CUST-0310,41,Overijssel,Monthly,Standard,44.26,3,46,1.6,7,1,1
CUST-0311,50,Zuid-Holland,Monthly,Basic,23.28,19,180,15.5,7,3,0
CUST-0312,41,Noord-Brabant,1-Year,Standard,57.42,66,106,46.1,4,4,0
CUST-0313,69,Zuid-Holland,Monthly,Basic,32.39,22,18,16.4,8,1,0
CUST-0314,28,Gelderland,2-Year,Basic,24.29,46,80,13.0,3,4,0
CUST-0315,66,Noord-Holland,Monthly,Premium,77.96,13,122,26.9,8,0,0
CUST-0316,25,Noord-Holland,1-Year,Basic,34.55,33,133,41.3,6,1,0
CUST-0317,53,Noord-Brabant,2-Year,Premium,63.08,5,106,5.6,5,3,0
CUST-0318,55,Noord-Holland,1-Year,Basic,22.15,27,48,47.2,3,0,0
CUST-0319,57,Noord-Holland,1-Year,Basic,25.62,24,72,39.9,1,4,0
CUST-0320,37,Noord-Brabant,Monthly,Premium,69.79,67,49,9.5,7,4,1
CUST-0321,52,Overijssel,Monthly,Standard,41.21,63,80,35.7,5,3,1
CUST-0322,65,Overijssel,1-Year,Basic,21.31,48,94,19.6,2,0,0
CUST-0323,42,Noord-Brabant,2-Year,Standard,55.22,63,11,20.4,6,2,0
CUST-0324,52,Gelderland,1-Year,Basic,32.68,12,22,39.3,9,3,0
CUST-0325,42,Noord-Holland,1-Year,Premium,82.02,28,53,48.2,6,4,0
CUST-0326,46,Noord-Holland,1-Year,Standard,56.47,44,117,6.8,5,1,0
CUST-0327,35,Gelderland,Monthly,Premium,64.08,43,196,21.3,1,0,0
CUST-0328,63,Overijssel,Monthly,Premium,96.44,17,58,24.3,7,2,1
CUST-0329,35,Utrecht,1-Year,Standard,38.67,40,163,19.1,0,1,0
CUST-0330,19,Utrecht,2-Year,Premium,90.4,49,2,18.5,0,0,0
CUST-0331,52,Utrecht,Monthly,Standard,58.63,57,57,3.1,5,3,1
CUST-0332,33,Overijssel,1-Year,Premium,93.75,64,182,34.4,4,3,0
CUST-0333,58,Overijssel,Monthly,Basic,20.01,57,56,22.1,8,0,1
CUST-0334,53,Gelderland,1-Year,Standard,47.51,70,144,10.1,6,2,1
CUST-0335,50,Noord-Holland,Monthly,Standard,51.14,43,166,40.9,1,0,0
CUST-0336,21,Gelderland,Monthly,Standard,47.76,23,89,40.2,6,1,1
CUST-0337,50,Gelderland,1-Year,Standard,38.0,27,195,24.6,2,1,0
CUST-0338,31,Overijssel,Monthly,Premium,83.3,58,54,15.3,0,3,1
CUST-0339,38,Utrecht,1-Year,Basic,26.87,37,44,32.1,7,0,0
CUST-0340,65,Zuid-Holland,1-Year,Basic,25.27,6,0,14.8,2,3,0
CUST-0341,37,Noord-Holland,2-Year,Premium,67.37,65,20,12.2,7,2,0
CUST-0342,25,Overijssel,Monthly,Standard,58.81,6,20,36.7,6,1,1
CUST-0343,24,Utrecht,Monthly,Premium,83.51,50,51,2.5,1,4,0
CUST-0344,20,Zuid-Holland,Monthly,Premium,93.61,22,81,5.2,0,4,0
CUST-0345,34,Zuid-Holland,2-Year,Premium,60.7,25,170,0.8,6,0,0
CUST-0346,50,Overijssel,2-Year,Premium,61.96,51,179,8.1,0,0,0
CUST-0347,65,Noord-Brabant,1-Year,Basic,23.57,48,66,3.9,5,4,0
CUST-0348,29,Noord-Holland,2-Year,Basic,33.63,70,112,49.8,9,0,0
CUST-0349,68,Zuid-Holland,1-Year,Premium,73.07,65,43,14.8,9,1,0
CUST-0350,39,Overijssel,1-Year,Standard,38.29,60,159,7.9,7,2,0
CUST-0351,39,Overijssel,Monthly,Basic,31.41,46,9,12.4,6,2,0
CUST-0352,63,Utrecht,1-Year,Standard,53.55,36,63,46.8,3,3,0
CUST-0353,47,Noord-Brabant,Monthly,Premium,61.06,58,68,26.2,0,1,0
CUST-0354,55,Noord-Holland,2-Year,Standard,41.31,38,67,18.6,0,0,0
CUST-0355,55,Gelderland,1-Year,Standard,56.83,11,27,43.7,3,0,0
CUST-0356,62,Utrecht,1-Year,Standard,39.22,12,180,20.1,4,3,1
CUST-0357,68,Zuid-Holland,Monthly,Basic,31.54,42,115,17.1,6,3,1
CUST-0358,25,Zuid-Holland,Monthly,Standard,52.94,39,50,10.8,3,0,0
CUST-0359,44,Utrecht,Monthly,Standard,46.89,71,180,19.2,9,0,0
CUST-0360,44,Overijssel,Monthly,Basic,22.56,11,3,16.2,0,1,1
CUST-0361,51,Zuid-Holland,Monthly,Premium,65.04,36,78,34.0,9,3,0
CUST-0362,38,Noord-Brabant,2-Year,Standard,39.21,52,16,14.8,6,1,0
CUST-0363,47,Noord-Holland,1-Year,Premium,87.05,31,107,29.1,1,0,0
CUST-0364,50,Noord-Brabant,Monthly,Premium,94.34,33,194,3.8,1,4,1
CUST-0365,45,Zuid-Holland,Monthly,Basic,29.23,13,73,10.0,7,4,0
CUST-0366,64,Gelderland,Monthly,Standard,53.01,18,174,20.7,9,0,0
CUST-0367,50,Noord-Holland,1-Year,Standard,47.78,41,183,46.9,9,3,0
CUST-0368,22,Noord-Holland,1-Year,Premium,64.23,58,22,19.2,9,4,0
CUST-0369,65,Utrecht,2-Year,Basic,20.75,56,17,33.4,4,3,0
CUST-0370,36,Utrecht,Monthly,Standard,55.72,24,128,13.1,9,4,1
CUST-0371,21,Gelderland,2-Year,Standard,55.74,31,34,6.8,1,3,0
CUST-0372,52,Overijssel,2-Year,Basic,26.57,55,63,3.4,4,4,0
CUST-0373,66,Noord-Holland,Monthly,Basic,32.59,10,185,15.6,7,3,1
CUST-0374,34,Gelderland,2-Year,Standard,55.97,60,58,8.3,5,1,1
CUST-0375,61,Utrecht,Monthly,Premium,62.25,2,0,9.1,2,3,1
CUST-0376,45,Utrecht,2-Year,Standard,52.43,15,130,38.2,7,1,0
CUST-0377,47,Noord-Holland,Monthly,Standard,44.07,3,66,1.3,8,1,1
CUST-0378,46,Noord-Brabant,2-Year,Standard,56.98,43,36,28.1,4,0,0
CUST-0379,63,Zuid-Holland,2-Year,Premium,85.62,31,28,19.3,1,1,0
CUST-0380,23,Utrecht,2-Year,Basic,21.67,70,88,25.6,1,2,0
CUST-0381,52,Overijssel,1-Year,Premium,98.32,67,160,28.4,6,1,0
CUST-0382,58,Overijssel,Monthly,Basic,24.22,56,99,16.0,0,3,0
CUST-0383,54,Utrecht,Monthly,Standard,36.18,63,188,15.1,9,1,0
CUST-0384,41,Noord-Brabant,Monthly,Basic,25.7,15,121,36.8,1,3,1
CUST-0385,46,Noord-Brabant,Monthly,Basic,32.02,10,89,43.6,9,3,1
CUST-0386,66,Gelderland,1-Year,Standard,50.78,38,131,10.0,3,2,0
CUST-0387,63,Overijssel,Monthly,Basic,31.26,47,13,5.3,0,1,0
CUST-0388,48,Gelderland,2-Year,Premium,79.77,57,160,44.9,3,1,0
CUST-0389,52,Overijssel,1-Year,Basic,31.59,50,149,17.8,9,4,1
CUST-0390,50,Zuid-Holland,2-Year,Standard,42.46,71,175,27.8,4,4,1
CUST-0391,69,Zuid-Holland,Monthly,Standard,54.39,15,130,18.3,8,0,0
CUST-0392,38,Noord-Holland,2-Year,Basic,28.49,18,84,6.7,0,3,0
CUST-0393,49,Gelderland,2-Year,Basic,33.94,2,150,29.7,4,2,1
CUST-0394,40,Utrecht,Monthly,Standard,35.27,43,195,26.5,1,4,0
CUST-0395,50,Gelderland,1-Year,Standard,48.61,26,20,10.5,8,1,0
CUST-0396,20,Utrecht,1-Year,Standard,59.39,71,170,22.9,5,0,0
CUST-0397,35,Noord-Brabant,Monthly,Standard,44.23,38,25,39.9,1,2,0
CUST-0398,42,Gelderland,1-Year,Standard,43.93,42,40,29.7,2,1,0
CUST-0399,59,Noord-Brabant,Monthly,Basic,31.63,5,121,5.3,7,1,1
CUST-0400,48,Zuid-Holland,Monthly,Standard,48.01,11,37,27.6,0,3,0
CUST-0401,20,Zuid-Holland,Monthly,Premium,90.19,65,87,35.3,2,3,1
CUST-0402,57,Noord-Holland,Monthly,Standard,57.0,34,10,39.7,9,4,1
CUST-0403,63,Gelderland,Monthly,Standard,47.64,1,28,31.6,0,4,1
CUST-0404,41,Noord-Brabant,Monthly,Standard,47.69,2,59,8.1,7,1,0
CUST-0405,67,Utrecht,2-Year,Premium,99.36,20,194,35.7,0,1,0
CUST-0406,49,Zuid-Holland,1-Year,Premium,71.69,61,192,34.0,4,4,1
CUST-0407,64,Zuid-Holland,2-Year,Standard,41.25,21,60,1.7,3,4,0
CUST-0408,39,Utrecht,Monthly,Premium,74.18,68,146,20.9,6,1,1
CUST-0409,40,Noord-Brabant,Monthly,Basic,24.76,12,173,17.0,4,2,1
CUST-0410,19,Noord-Brabant,1-Year,Basic,32.72,22,176,33.6,7,1,1
CUST-0411,44,Gelderland,Monthly,Premium,96.61,20,21,11.2,0,2,1
CUST-0412,59,Gelderland,Monthly,Premium,70.63,1,77,29.7,4,2,1
CUST-0413,19,Overijssel,1-Year,Basic,31.09,30,112,45.7,3,1,1
CUST-0414,43,Overijssel,Monthly,Basic,24.16,24,184,40.0,2,0,1
CUST-0415,34,Noord-Holland,1-Year,Basic,24.22,14,122,46.1,4,4,1
CUST-0416,57,Zuid-Holland,1-Year,Basic,34.45,36,141,48.9,9,3,1
CUST-0417,50,Gelderland,Monthly,Premium,66.75,69,43,1.0,2,1,0
CUST-0418,26,Noord-Brabant,Monthly,Standard,46.45,24,143,31.3,7,2,0
CUST-0419,60,Utrecht,1-Year,Standard,41.42,60,96,20.9,2,1,0
CUST-0420,65,Noord-Brabant,Monthly,Standard,53.8,55,76,43.1,0,4,1
CUST-0421,56,Zuid-Holland,Monthly,Basic,34.85,24,139,13.0,8,2,1
CUST-0422,46,Overijssel,2-Year,Basic,24.68,24,54,49.1,8,3,0
CUST-0423,59,Noord-Brabant,Monthly,Standard,49.9,54,50,30.9,5,3,1
CUST-0424,43,Noord-Holland,1-Year,Premium,72.15,26,101,39.8,9,3,0
CUST-0425,52,Zuid-Holland,2-Year,Premium,63.72,66,166,4.7,0,0,0
CUST-0426,67,Overijssel,Monthly,Basic,23.92,38,160,9.6,7,2,1
CUST-0427,42,Utrecht,Monthly,Premium,64.19,65,160,38.0,1,2,1
CUST-0428,41,Overijssel,Monthly,Premium,76.92,51,28,1.6,8,0,0
CUST-0429,30,Noord-Holland,Monthly,Premium,91.82,35,68,40.9,7,2,1
CUST-0430,24,Zuid-Holland,Monthly,Standard,45.47,43,197,1.2,2,0,1
CUST-0431,53,Utrecht,1-Year,Standard,40.49,29,158,33.0,4,1,0
CUST-0432,62,Noord-Holland,Monthly,Standard,35.01,37,79,18.6,8,4,1
CUST-0433,37,Overijssel,1-Year,Basic,20.93,58,30,30.8,0,3,0
CUST-0434,18,Noord-Holland,2-Year,Basic,21.39,54,111,35.0,8,0,0
CUST-0435,25,Zuid-Holland,2-Year,Basic,22.44,39,45,17.5,3,0,0
CUST-0436,63,Gelderland,1-Year,Standard,39.2,42,96,5.8,3,0,0
CUST-0437,33,Noord-Holland,Monthly,Premium,92.86,28,51,3.9,3,1,0
CUST-0438,31,Noord-Holland,1-Year,Standard,36.69,29,137,29.7,9,0,0
CUST-0439,29,Overijssel,1-Year,Basic,26.7,43,73,26.3,8,4,0
CUST-0440,68,Overijssel,Monthly,Premium,81.49,3,40,37.2,5,4,0
CUST-0441,40,Utrecht,Monthly,Premium,87.08,10,76,25.7,7,3,0
CUST-0442,32,Overijssel,2-Year,Premium,87.31,59,130,21.4,3,1,0
CUST-0443,45,Noord-Brabant,Monthly,Premium,85.15,14,186,20.2,2,4,1
CUST-0444,51,Zuid-Holland,Monthly,Standard,43.72,47,113,1.8,0,2,1
CUST-0445,19,Zuid-Holland,Monthly,Premium,61.56,42,51,17.1,9,2,1
CUST-0446,49,Gelderland,Monthly,Basic,28.67,32,161,48.8,6,2,1
CUST-0447,40,Gelderland,2-Year,Standard,52.97,32,176,43.7,3,0,0
CUST-0448,39,Zuid-Holland,1-Year,Basic,32.26,42,155,16.8,7,0,0
CUST-0449,68,Gelderland,1-Year,Basic,31.36,32,86,29.6,2,2,1
CUST-0450,42,Utrecht,Monthly,Basic,20.83,26,108,42.4,0,3,0
CUST-0451,39,Overijssel,Monthly,Standard,40.82,1,140,22.3,4,3,1
CUST-0452,39,Zuid-Holland,Monthly,Premium,87.67,56,68,1.4,1,0,0
CUST-0453,66,Gelderland,Monthly,Standard,39.75,2,119,4.2,2,2,0
CUST-0454,69,Zuid-Holland,Monthly,Basic,26.17,30,66,25.8,5,3,1
CUST-0455,59,Noord-Brabant,1-Year,Premium,99.42,71,60,48.5,2,0,0
CUST-0456,23,Noord-Holland,Monthly,Standard,55.06,52,187,34.8,2,2,1
CUST-0457,32,Overijssel,1-Year,Standard,43.53,9,70,4.0,5,1,0
CUST-0458,60,Zuid-Holland,Monthly,Standard,46.1,22,151,9.9,4,2,1
CUST-0459,54,Noord-Holland,Monthly,Basic,24.71,34,190,38.7,9,2,1
CUST-0460,50,Gelderland,Monthly,Standard,47.72,49,188,42.2,8,4,1
CUST-0461,25,Noord-Holland,2-Year,Premium,96.41,1,150,31.1,0,4,0
CUST-0462,61,Overijssel,2-Year,Basic,22.86,53,29,32.4,2,1,0
CUST-0463,61,Zuid-Holland,2-Year,Standard,35.25,40,187,1.9,2,1,0
CUST-0464,22,Noord-Brabant,Monthly,Premium,77.21,45,145,41.5,5,2,1
CUST-0465,56,Gelderland,Monthly,Premium,77.51,68,95,39.5,7,3,1
CUST-0466,21,Zuid-Holland,1-Year,Basic,32.46,9,55,13.3,2,1,0
CUST-0467,23,Overijssel,Monthly,Basic,21.8,22,52,35.6,2,2,1
CUST-0468,62,Gelderland,2-Year,Basic,31.02,18,6,11.1,5,0,1
CUST-0469,49,Utrecht,Monthly,Standard,53.86,43,96,2.5,7,4,0
CUST-0470,69,Noord-Holland,Monthly,Standard,41.22,39,196,10.5,5,3,1
CUST-0471,47,Overijssel,Monthly,Basic,27.39,6,112,9.3,9,2,1
CUST-0472,64,Utrecht,Monthly,Premium,89.5,48,124,17.2,2,0,0
CUST-0473,52,Zuid-Holland,1-Year,Standard,56.44,7,199,21.2,3,4,0
CUST-0474,57,Noord-Brabant,Monthly,Basic,26.51,69,179,25.7,0,0,0
CUST-0475,69,Gelderland,Monthly,Standard,52.66,16,131,24.1,7,2,1
CUST-0476,33,Noord-Holland,Monthly,Standard,43.64,1,161,13.9,3,1,1
CUST-0477,30,Gelderland,Monthly,Basic,28.2,37,196,1.9,5,4,1
CUST-0478,67,Zuid-Holland,1-Year,Basic,33.54,37,160,30.5,2,0,0
CUST-0479,59,Gelderland,2-Year,Premium,70.29,64,120,20.1,5,1,0
CUST-0480,47,Noord-Holland,2-Year,Standard,55.47,62,196,15.3,8,3,0
CUST-0481,36,Zuid-Holland,1-Year,Standard,43.43,61,37,43.4,8,2,0
CUST-0482,34,Gelderland,Monthly,Standard,55.69,33,121,37.5,9,2,1
CUST-0483,36,Noord-Brabant,1-Year,Basic,32.31,66,25,43.0,2,4,0
CUST-0484,45,Overijssel,Monthly,Basic,28.5,30,128,25.0,2,0,1
CUST-0485,43,Zuid-Holland,Monthly,Standard,41.03,20,3,7.0,3,3,0
CUST-0486,54,Overijssel,2-Year,Basic,33.48,60,38,35.0,6,4,1
CUST-0487,43,Zuid-Holland,Monthly,Basic,25.99,24,53,10.7,2,4,0
CUST-0488,40,Noord-Brabant,2-Year,Premium,76.21,4,160,22.3,9,0,0
CUST-0489,26,Overijssel,Monthly,Premium,83.84,37,32,3.7,7,3,0
CUST-0490,29,Utrecht,1-Year,Premium,64.3,4,199,41.4,7,0,1
CUST-0491,18,Noord-Holland,1-Year,Premium,60.68,18,19,6.7,5,2,0
CUST-0492,18,Utrecht,2-Year,Basic,21.57,66,15,45.2,3,1,0
CUST-0493,64,Gelderland,1-Year,Premium,70.79,48,148,43.3,4,2,0
CUST-0494,51,Noord-Brabant,1-Year,Basic,26.96,33,172,23.5,1,2,0
CUST-0495,49,Utrecht,Monthly,Premium,99.97,58,126,37.3,5,4,1
CUST-0496,65,Zuid-Holland,1-Year,Premium,68.46,28,86,31.2,2,2,1
CUST-0497,42,Gelderland,Monthly,Premium,70.61,35,81,40.3,5,3,0
CUST-0498,57,Gelderland,1-Year,Premium,86.51,10,61,21.9,4,2,1
CUST-0499,62,Utrecht,1-Year,Standard,36.51,65,30,39.4,1,3,0
CUST-0500,18,Utrecht,1-Year,Basic,31.08,42,41,23.4,4,0,1
CUST-0501,33,Noord-Brabant,Monthly,Standard,42.45,9,11,47.1,4,4,1
CUST-0502,56,Noord-Holland,Monthly,Standard,43.01,60,64,24.6,8,3,1
CUST-0503,22,Utrecht,1-Year,Basic,27.98,15,72,23.4,7,2,1
CUST-0504,39,Utrecht,Monthly,Standard,54.58,57,130,39.4,6,4,0
CUST-0505,46,Overijssel,Monthly,Premium,98.57,69,114,41.2,2,4,0
CUST-0506,20,Zuid-Holland,Monthly,Basic,28.52,22,136,27.9,9,3,1
CUST-0507,29,Overijssel,2-Year,Premium,71.98,64,105,9.4,3,3,0
CUST-0508,43,Overijssel,1-Year,Premium,64.01,41,178,23.7,5,1,1
CUST-0509,33,Gelderland,Monthly,Premium,70.87,71,15,48.4,2,1,0
CUST-0510,68,Noord-Holland,Monthly,Premium,92.64,56,77,37.8,8,4,0
CUST-0511,54,Zuid-Holland,Monthly,Standard,55.53,23,124,40.7,7,1,1
CUST-0512,39,Noord-Brabant,1-Year,Premium,63.54,25,130,2.1,5,2,0
CUST-0513,46,Noord-Brabant,1-Year,Premium,73.69,6,151,23.7,3,0,0
CUST-0514,31,Utrecht,Monthly,Basic,25.21,34,140,32.5,6,4,1
CUST-0515,45,Utrecht,Monthly,Standard,41.17,63,129,41.6,2,0,1
CUST-0516,22,Noord-Brabant,Monthly,Premium,76.65,9,198,2.9,9,1,1
CUST-0517,64,Utrecht,1-Year,Basic,30.38,60,111,42.7,7,3,1
CUST-0518,66,Noord-Holland,1-Year,Standard,56.35,49,126,27.6,0,4,1
CUST-0519,47,Overijssel,Monthly,Standard,35.33,51,20,10.3,2,1,0
CUST-0520,63,Utrecht,Monthly,Basic,29.21,60,146,16.2,4,2,0
CUST-0521,69,Gelderland,Monthly,Standard,54.24,70,88,14.5,4,4,1
CUST-0522,22,Utrecht,2-Year,Premium,62.27,37,46,26.8,9,4,0
CUST-0523,29,Zuid-Holland,Monthly,Standard,57.73,31,149,3.1,1,3,1
CUST-0524,33,Noord-Holland,1-Year,Basic,32.35,41,160,8.3,9,4,0
CUST-0525,43,Zuid-Holland,1-Year,Basic,32.31,62,159,40.7,7,3,0
CUST-0526,43,Zuid-Holland,Monthly,Standard,39.98,58,191,7.1,4,1,0
CUST-0527,65,Gelderland,Monthly,Premium,93.72,14,84,12.1,6,2,0
CUST-0528,38,Noord-Holland,Monthly,Basic,25.44,36,166,22.9,6,2,1
CUST-0529,56,Noord-Holland,1-Year,Standard,44.43,36,127,26.1,4,4,0
CUST-0530,53,Noord-Holland,1-Year,Basic,24.92,8,71,38.3,7,4,0
CUST-0531,50,Noord-Holland,1-Year,Standard,48.61,26,41,22.6,8,1,1
CUST-0532,47,Noord-Holland,1-Year,Premium,74.45,36,8,39.6,3,3,0
CUST-0533,54,Gelderland,Monthly,Premium,85.49,48,24,31.1,3,2,0
CUST-0534,40,Utrecht,2-Year,Basic,27.23,28,1,6.1,7,3,0
CUST-0535,27,Zuid-Holland,1-Year,Standard,42.76,68,18,8.2,0,1,0
CUST-0536,22,Noord-Holland,Monthly,Basic,23.32,62,19,22.1,3,2,1
CUST-0537,53,Utrecht,2-Year,Standard,54.91,51,69,20.1,5,2,0
CUST-0538,51,Utrecht,1-Year,Standard,53.49,42,16,37.3,3,0,0
CUST-0539,69,Zuid-Holland,1-Year,Basic,32.35,29,123,29.2,5,1,0
CUST-0540,48,Gelderland,1-Year,Basic,25.77,10,88,19.7,4,1,1
CUST-0541,27,Noord-Brabant,2-Year,Standard,48.68,39,195,9.0,8,0,0
CUST-0542,36,Noord-Brabant,1-Year,Premium,83.82,1,93,11.7,9,3,0
CUST-0543,49,Utrecht,Monthly,Premium,95.46,39,83,29.0,8,0,1
CUST-0544,18,Overijssel,Monthly,Basic,21.78,21,130,21.5,3,1,0
CUST-0545,22,Overijssel,2-Year,Premium,84.17,65,86,26.0,3,3,0
CUST-0546,62,Zuid-Holland,Monthly,Standard,41.85,15,50,8.9,7,2,1
CUST-0547,21,Noord-Brabant,Monthly,Standard,58.89,4,81,33.3,9,0,1
CUST-0548,33,Utrecht,Monthly,Premium,65.77,60,153,42.7,3,3,1
CUST-0549,41,Gelderland,Monthly,Premium,63.74,61,183,13.3,1,3,1
CUST-0550,33,Noord-Brabant,1-Year,Premium,60.67,20,191,24.8,1,3,1
CUST-0551,19,Utrecht,2-Year,Standard,39.48,10,7,48.8,0,0,0
CUST-0552,66,Utrecht,Monthly,Standard,44.81,34,164,17.0,4,2,1
CUST-0553,45,Noord-Holland,Monthly,Premium,68.46,48,120,30.0,5,3,0
CUST-0554,49,Gelderland,Monthly,Basic,28.43,33,154,5.0,8,0,1
CUST-0555,44,Noord-Holland,2-Year,Standard,54.09,61,172,30.5,4,1,0
CUST-0556,37,Zuid-Holland,1-Year,Standard,37.72,10,3,4.9,5,0,1
CUST-0557,41,Noord-Holland,Monthly,Standard,59.53,54,85,48.0,5,0,0
CUST-0558,29,Noord-Holland,2-Year,Basic,21.75,65,127,35.9,2,0,0
CUST-0559,67,Noord-Brabant,2-Year,Basic,29.19,1,109,39.5,3,3,0
CUST-0560,52,Overijssel,2-Year,Premium,94.55,5,98,35.4,0,0,0
CUST-0561,50,Utrecht,2-Year,Basic,29.93,15,36,29.7,3,1,0
CUST-0562,50,Gelderland,Monthly,Standard,39.8,28,70,22.8,0,3,0
CUST-0563,68,Noord-Holland,1-Year,Basic,25.32,23,32,43.0,4,1,0
CUST-0564,60,Gelderland,Monthly,Basic,28.26,17,30,47.9,7,4,1
CUST-0565,54,Overijssel,2-Year,Basic,26.05,13,182,25.2,7,0,0
CUST-0566,29,Overijssel,1-Year,Basic,32.5,14,124,46.6,4,3,0
CUST-0567,20,Noord-Holland,1-Year,Premium,78.22,11,11,29.4,9,3,0
CUST-0568,18,Zuid-Holland,1-Year,Basic,29.18,28,10,27.2,1,0,0
CUST-0569,50,Noord-Holland,Monthly,Premium,60.3,42,87,23.0,5,2,1
CUST-0570,57,Noord-Brabant,1-Year,Standard,43.37,61,71,10.9,0,2,0
CUST-0571,27,Utrecht,2-Year,Standard,42.84,64,31,0.7,6,1,0
CUST-0572,60,Zuid-Holland,2-Year,Standard,50.89,31,56,12.5,3,0,0
CUST-0573,61,Noord-Holland,Monthly,Standard,43.9,10,165,25.7,4,0,1
CUST-0574,46,Gelderland,Monthly,Premium,69.32,8,187,19.3,5,4,1
CUST-0575,30,Zuid-Holland,Monthly,Basic,29.87,21,85,22.7,0,2,1
CUST-0576,29,Zuid-Holland,1-Year,Standard,55.36,59,18,49.0,8,2,0
CUST-0577,48,Noord-Holland,2-Year,Premium,68.43,50,115,17.8,9,0,0
CUST-0578,63,Zuid-Holland,Monthly,Premium,69.47,69,183,22.9,3,1,0
CUST-0579,19,Gelderland,1-Year,Premium,85.12,70,13,7.1,7,0,0
CUST-0580,68,Overijssel,2-Year,Standard,40.94,30,32,2.9,4,1,0
CUST-0581,67,Zuid-Holland,1-Year,Premium,76.63,17,9,38.9,7,2,0
CUST-0582,52,Overijssel,1-Year,Standard,51.07,20,79,28.7,0,4,1
CUST-0583,40,Gelderland,1-Year,Standard,50.02,48,191,38.2,7,3,0
CUST-0584,34,Noord-Holland,1-Year,Basic,33.19,2,63,7.9,3,2,0
CUST-0585,43,Utrecht,Monthly,Standard,44.06,37,189,28.8,1,1,1
CUST-0586,25,Zuid-Holland,1-Year,Basic,23.47,1,67,13.1,5,0,0
CUST-0587,46,Utrecht,1-Year,Standard,40.1,4,91,11.8,1,2,0
CUST-0588,43,Gelderland,2-Year,Premium,85.07,54,124,1.1,4,4,0
CUST-0589,27,Zuid-Holland,1-Year,Basic,34.37,25,170,7.0,1,1,0
CUST-0590,43,Overijssel,1-Year,Basic,23.31,3,79,15.8,2,0,0
CUST-0591,51,Noord-Brabant,Monthly,Basic,33.29,9,58,6.3,5,3,0
CUST-0592,68,Utrecht,Monthly,Premium,79.44,34,179,49.3,0,1,1
CUST-0593,58,Zuid-Holland,Monthly,Standard,43.57,43,96,15.8,5,0,0
CUST-0594,24,Utrecht,Monthly,Standard,52.1,22,18,7.0,2,3,0
CUST-0595,21,Zuid-Holland,1-Year,Premium,92.03,70,148,10.4,6,0,0
CUST-0596,67,Noord-Holland,2-Year,Premium,78.05,2,21,29.6,1,3,0
CUST-0597,62,Overijssel,Monthly,Standard,42.9,66,8,3.7,5,3,1
CUST-0598,28,Utrecht,Monthly,Standard,36.39,32,8,43.2,7,3,1
CUST-0599,46,Noord-Brabant,2-Year,Premium,79.69,16,26,48.1,0,0,0
CUST-0600,53,Noord-Brabant,Monthly,Standard,41.02,1,16,12.7,8,3,1
CUST-0601,42,Gelderland,1-Year,Basic,30.97,48,171,22.8,4,1,0
CUST-0602,38,Zuid-Holland,1-Year,Premium,69.83,50,44,1.6,4,4,0
CUST-0603,53,Utrecht,1-Year,Standard,38.68,13,7,32.2,4,4,0
CUST-0604,27,Gelderland,Monthly,Basic,32.49,15,145,21.0,5,3,1
CUST-0605,54,Utrecht,Monthly,Standard,37.24,53,124,13.9,1,4,0
CUST-0606,26,Zuid-Holland,1-Year,Basic,32.67,44,122,10.7,5,4,1
CUST-0607,41,Noord-Brabant,1-Year,Basic,26.47,8,32,32.9,3,3,0
CUST-0608,52,Noord-Holland,Monthly,Premium,81.72,46,0,21.1,7,3,1
CUST-0609,66,Noord-Brabant,1-Year,Basic,33.73,69,5,9.4,8,1,0
CUST-0610,52,Gelderland,Monthly,Standard,42.69,19,40,34.6,8,2,1
CUST-0611,65,Overijssel,1-Year,Standard,58.15,38,182,28.5,7,0,0
CUST-0612,53,Noord-Holland,Monthly,Basic,27.26,11,4,43.0,2,3,1
CUST-0613,35,Gelderland,2-Year,Premium,77.87,43,186,6.3,9,3,1
CUST-0614,66,Zuid-Holland,Monthly,Basic,24.63,20,79,39.4,3,4,0
CUST-0615,56,Noord-Holland,Monthly,Standard,53.54,20,17,33.8,0,1,0
CUST-0616,49,Gelderland,Monthly,Standard,48.67,21,176,6.2,8,4,0
CUST-0617,41,Zuid-Holland,Monthly,Basic,20.59,57,81,34.9,4,3,1
CUST-0618,40,Noord-Brabant,2-Year,Basic,24.08,50,64,22.4,5,3,0
CUST-0619,49,Overijssel,2-Year,Premium,88.42,26,82,47.3,2,4,0
CUST-0620,54,Zuid-Holland,Monthly,Premium,76.76,30,181,7.5,9,3,1
CUST-0621,29,Utrecht,Monthly,Basic,34.49,31,188,32.3,7,2,1
CUST-0622,66,Zuid-Holland,1-Year,Standard,57.91,42,135,19.4,6,0,0
CUST-0623,30,Zuid-Holland,2-Year,Premium,99.38,68,130,47.9,0,0,0
CUST-0624,40,Overijssel,1-Year,Premium,86.66,61,24,16.8,9,0,0
CUST-0625,42,Utrecht,Monthly,Standard,54.0,61,68,48.1,4,2,1
CUST-0626,52,Gelderland,Monthly,Standard,43.47,70,182,45.1,9,3,1
CUST-0627,58,Gelderland,1-Year,Standard,58.8,68,167,13.9,8,4,0
CUST-0628,47,Zuid-Holland,Monthly,Premium,98.63,17,81,40.3,5,1,0
CUST-0629,34,Utrecht,1-Year,Premium,66.99,19,177,49.8,7,3,0
CUST-0630,66,Utrecht,Monthly,Basic,23.99,51,116,13.0,9,2,0
CUST-0631,37,Overijssel,1-Year,Standard,36.24,70,94,22.1,0,2,0
CUST-0632,65,Noord-Brabant,Monthly,Premium,88.7,63,32,26.2,9,0,0
CUST-0633,42,Gelderland,1-Year,Premium,91.07,30,110,15.1,6,3,1
CUST-0634,39,Overijssel,Monthly,Premium,86.94,25,145,1.3,2,0,0
CUST-0635,30,Noord-Holland,1-Year,Premium,84.58,71,124,11.4,8,1,0
CUST-0636,36,Gelderland,Monthly,Standard,57.98,26,184,14.5,5,0,0
CUST-0637,66,Overijssel,1-Year,Standard,45.59,56,15,22.5,4,1,1
CUST-0638,53,Gelderland,1-Year,Standard,43.55,22,79,9.0,7,2,1
CUST-0639,29,Noord-Brabant,1-Year,Basic,29.34,19,37,43.7,7,0,0
CUST-0640,58,Noord-Holland,1-Year,Standard,46.12,31,168,35.4,2,0,0
CUST-0641,36,Noord-Brabant,1-Year,Premium,75.58,26,134,4.7,1,4,1
CUST-0642,29,Noord-Holland,2-Year,Basic,28.2,42,77,32.7,1,2,0
CUST-0643,26,Zuid-Holland,Monthly,Premium,87.39,41,180,32.9,4,4,1
CUST-0644,24,Overijssel,2-Year,Standard,49.22,23,62,47.8,9,1,0
CUST-0645,45,Noord-Holland,Monthly,Premium,69.56,47,111,0.6,6,1,0
CUST-0646,31,Noord-Brabant,Monthly,Basic,26.27,13,88,12.8,7,2,1
CUST-0647,48,Gelderland,Monthly,Basic,31.36,66,159,46.4,9,1,1
CUST-0648,69,Noord-Holland,Monthly,Standard,45.84,66,37,46.6,7,2,1
CUST-0649,36,Overijssel,1-Year,Basic,21.26,16,149,36.2,7,1,0
CUST-0650,64,Noord-Holland,1-Year,Premium,95.18,28,143,38.4,9,3,1
CUST-0651,33,Utrecht,1-Year,Premium,98.62,35,51,5.0,2,0,0
CUST-0652,22,Gelderland,1-Year,Basic,20.25,41,28,25.9,1,3,0
CUST-0653,52,Overijssel,Monthly,Standard,50.58,31,143,12.0,3,2,1
CUST-0654,29,Overijssel,Monthly,Standard,53.54,32,75,9.5,0,2,1
CUST-0655,42,Zuid-Holland,Monthly,Standard,55.13,54,144,40.6,2,3,0
CUST-0656,69,Noord-Brabant,Monthly,Premium,93.02,59,63,7.2,8,0,1
CUST-0657,38,Zuid-Holland,Monthly,Premium,65.86,41,90,23.7,6,0,0
CUST-0658,53,Overijssel,Monthly,Standard,36.28,66,88,47.0,6,4,1
CUST-0659,40,Gelderland,1-Year,Premium,91.6,54,12,9.7,0,1,0
CUST-0660,33,Noord-Holland,1-Year,Standard,51.84,40,71,48.9,6,4,1
CUST-0661,56,Noord-Holland,2-Year,Premium,61.79,28,183,49.7,9,0,0
CUST-0662,62,Gelderland,2-Year,Standard,53.72,37,4,28.0,6,3,1
CUST-0663,59,Overijssel,1-Year,Premium,72.36,65,11,8.9,3,1,0
CUST-0664,56,Noord-Holland,Monthly,Premium,74.75,55,168,16.1,6,3,1
CUST-0665,31,Noord-Holland,1-Year,Basic,20.76,4,2,21.5,7,4,0
CUST-0666,48,Noord-Holland,1-Year,Premium,92.44,10,32,15.8,2,2,1
CUST-0667,22,Noord-Brabant,Monthly,Basic,28.61,47,120,14.4,9,3,1
CUST-0668,52,Noord-Brabant,Monthly,Standard,40.1,14,49,48.6,1,4,0
CUST-0669,40,Utrecht,2-Year,Standard,42.3,38,183,8.1,6,4,1
CUST-0670,46,Zuid-Holland,Monthly,Premium,90.87,12,136,36.8,4,4,1
CUST-0671,60,Gelderland,1-Year,Premium,79.36,45,177,0.5,4,2,0
CUST-0672,28,Gelderland,1-Year,Premium,95.9,17,28,30.0,4,2,0
CUST-0673,35,Gelderland,Monthly,Premium,96.31,35,38,45.8,6,2,0
CUST-0674,64,Utrecht,Monthly,Standard,52.88,66,90,14.8,8,1,0
CUST-0675,29,Noord-Brabant,Monthly,Premium,97.46,41,99,9.7,7,2,0
CUST-0676,26,Overijssel,Monthly,Standard,45.68,67,172,32.8,5,2,1
CUST-0677,27,Overijssel,Monthly,Standard,46.88,29,16,35.8,6,2,1
CUST-0678,61,Utrecht,2-Year,Basic,28.16,18,55,34.6,8,3,0
CUST-0679,34,Overijssel,Monthly,Premium,92.2,20,45,16.3,5,2,1
CUST-0680,55,Gelderland,1-Year,Premium,94.01,14,66,13.0,0,1,0
CUST-0681,24,Zuid-Holland,Monthly,Standard,41.3,34,196,47.8,3,4,1
CUST-0682,63,Noord-Holland,2-Year,Basic,33.56,49,141,46.2,7,3,0
CUST-0683,30,Noord-Brabant,Monthly,Premium,61.99,54,66,23.1,6,0,1
CUST-0684,57,Noord-Brabant,Monthly,Basic,28.25,31,22,42.4,2,2,0
CUST-0685,59,Utrecht,2-Year,Premium,81.5,58,93,22.9,9,4,0
CUST-0686,26,Noord-Brabant,2-Year,Premium,83.03,42,188,21.5,2,4,0
CUST-0687,67,Gelderland,Monthly,Standard,59.43,58,150,8.3,2,3,0
CUST-0688,44,Overijssel,2-Year,Basic,32.08,30,154,21.6,0,0,0
CUST-0689,19,Gelderland,Monthly,Premium,98.41,25,53,27.1,9,1,1
CUST-0690,22,Utrecht,Monthly,Premium,61.78,63,137,1.6,0,4,1
CUST-0691,46,Gelderland,Monthly,Standard,48.77,19,76,22.5,5,4,0
CUST-0692,54,Overijssel,Monthly,Premium,60.56,8,15,39.2,0,4,1
CUST-0693,55,Zuid-Holland,1-Year,Basic,21.43,3,40,34.2,4,4,1
CUST-0694,36,Utrecht,Monthly,Standard,50.01,67,97,31.9,3,3,0
CUST-0695,25,Zuid-Holland,Monthly,Premium,86.64,17,182,45.5,4,0,1
CUST-0696,65,Noord-Holland,1-Year,Premium,92.91,14,127,1.4,6,4,0
CUST-0697,62,Zuid-Holland,1-Year,Basic,21.25,9,60,28.1,5,1,0
CUST-0698,18,Noord-Holland,Monthly,Premium,81.68,62,85,39.5,8,1,0
CUST-0699,39,Noord-Holland,1-Year,Standard,43.54,21,117,27.3,5,2,0
CUST-0700,69,Zuid-Holland,Monthly,Standard,51.21,37,99,16.5,8,4,0
CUST-0701,34,Utrecht,1-Year,Basic,27.39,11,48,7.2,3,4,0
CUST-0702,24,Overijssel,1-Year,Premium,87.38,20,179,44.4,0,4,0
CUST-0703,42,Gelderland,2-Year,Basic,25.02,35,1,23.8,0,4,0
CUST-0704,62,Gelderland,Monthly,Standard,43.2,53,119,44.0,9,4,1
CUST-0705,21,Overijssel,Monthly,Basic,27.95,47,177,29.5,6,1,1
CUST-0706,53,Noord-Holland,Monthly,Premium,65.98,52,122,33.9,2,0,0
CUST-0707,23,Noord-Holland,Monthly,Standard,44.84,8,85,40.3,1,0,0
CUST-0708,48,Utrecht,Monthly,Premium,66.9,4,170,33.1,5,2,1
CUST-0709,36,Noord-Brabant,2-Year,Basic,31.4,27,76,20.2,5,1,0
CUST-0710,61,Zuid-Holland,Monthly,Standard,43.5,44,135,25.9,6,4,1
CUST-0711,56,Noord-Holland,Monthly,Standard,56.74,40,58,40.3,4,0,1
CUST-0712,44,Gelderland,1-Year,Premium,98.49,47,192,19.0,7,3,1
CUST-0713,27,Utrecht,Monthly,Premium,80.73,44,11,19.7,6,3,1
CUST-0714,43,Zuid-Holland,1-Year,Basic,26.13,48,3,5.2,1,3,0
CUST-0715,36,Utrecht,Monthly,Standard,39.55,52,116,45.8,0,4,1
CUST-0716,56,Zuid-Holland,Monthly,Basic,20.85,68,94,5.0,8,4,1
CUST-0717,20,Zuid-Holland,Monthly,Standard,39.14,11,124,32.6,4,2,1
CUST-0718,62,Overijssel,Monthly,Basic,25.88,4,40,21.0,4,2,1
CUST-0719,30,Noord-Holland,2-Year,Standard,48.38,48,122,20.6,9,2,0
CUST-0720,67,Utrecht,Monthly,Standard,50.88,26,6,34.1,3,3,0
CUST-0721,45,Utrecht,1-Year,Standard,39.91,39,68,3.8,1,4,0
CUST-0722,37,Overijssel,Monthly,Standard,40.29,58,68,29.9,4,3,1
CUST-0723,45,Gelderland,Monthly,Premium,65.3,19,80,38.7,1,2,0
CUST-0724,25,Gelderland,2-Year,Standard,43.05,58,29,41.5,6,4,0
CUST-0725,58,Noord-Holland,Monthly,Basic,24.46,28,72,8.9,8,1,1
CUST-0726,56,Noord-Holland,1-Year,Premium,63.58,66,5,44.9,8,0,0
CUST-0727,18,Noord-Brabant,2-Year,Basic,26.17,10,88,33.0,5,0,0
CUST-0728,20,Overijssel,1-Year,Standard,45.88,58,146,44.2,0,2,0
CUST-0729,30,Gelderland,2-Year,Standard,58.83,14,65,24.5,5,3,1
CUST-0730,45,Zuid-Holland,Monthly,Standard,52.98,15,9,27.3,4,1,0
CUST-0731,66,Utrecht,Monthly,Basic,30.1,33,143,46.0,3,4,1
CUST-0732,42,Noord-Holland,Monthly,Standard,48.19,17,36,45.0,5,3,0
CUST-0733,50,Utrecht,1-Year,Premium,94.99,24,76,22.7,5,2,1
CUST-0734,55,Utrecht,2-Year,Standard,36.32,30,76,14.1,5,3,0
CUST-0735,23,Noord-Brabant,Monthly,Standard,53.15,62,31,20.0,1,2,1
CUST-0736,61,Gelderland,1-Year,Standard,38.03,13,46,19.7,6,0,0
CUST-0737,62,Noord-Holland,Monthly,Basic,30.07,62,109,14.7,3,0,0
CUST-0738,49,Utrecht,1-Year,Standard,48.31,47,199,13.8,8,3,1
CUST-0739,62,Noord-Holland,Monthly,Premium,91.56,16,170,43.1,9,1,0
CUST-0740,64,Zuid-Holland,2-Year,Basic,34.89,66,119,4.0,1,4,0
CUST-0741,38,Noord-Brabant,1-Year,Basic,22.34,43,163,34.0,4,2,0
CUST-0742,33,Zuid-Holland,Monthly,Basic,34.83,8,153,9.1,3,4,0
CUST-0743,38,Noord-Holland,Monthly,Standard,50.43,3,9,17.6,8,0,0
CUST-0744,28,Noord-Holland,Monthly,Premium,94.95,12,158,3.5,3,1,1
CUST-0745,54,Gelderland,Monthly,Basic,29.89,16,96,13.9,7,1,0
CUST-0746,53,Utrecht,Monthly,Standard,58.07,59,156,38.5,7,4,1
CUST-0747,52,Utrecht,2-Year,Basic,32.99,49,4,44.3,5,0,0
CUST-0748,36,Zuid-Holland,1-Year,Premium,65.08,63,76,11.5,5,4,0
CUST-0749,37,Noord-Brabant,1-Year,Basic,27.02,62,0,23.4,7,3,0
CUST-0750,35,Overijssel,Monthly,Standard,51.67,49,130,23.8,9,1,0
CUST-0751,64,Utrecht,2-Year,Premium,88.01,51,66,43.7,8,1,1
CUST-0752,58,Gelderland,1-Year,Premium,90.35,33,198,38.3,4,3,0
CUST-0753,66,Zuid-Holland,Monthly,Standard,47.24,30,162,25.9,0,0,0
CUST-0754,31,Zuid-Holland,1-Year,Standard,48.22,59,14,33.7,0,1,0
CUST-0755,32,Overijssel,1-Year,Standard,43.36,15,194,42.4,1,2,1
CUST-0756,48,Gelderland,Monthly,Basic,23.02,23,92,1.0,9,2,1
CUST-0757,18,Noord-Brabant,Monthly,Basic,34.02,45,29,20.4,9,0,1
CUST-0758,20,Gelderland,Monthly,Standard,55.13,62,102,45.4,4,3,1
CUST-0759,33,Noord-Brabant,Monthly,Basic,32.35,71,81,37.1,3,4,0
CUST-0760,40,Gelderland,2-Year,Basic,28.34,15,74,27.4,0,0,0
CUST-0761,28,Gelderland,2-Year,Standard,45.91,46,170,26.7,3,4,0
CUST-0762,29,Noord-Holland,1-Year,Premium,79.72,64,59,17.7,3,0,0
CUST-0763,27,Zuid-Holland,Monthly,Standard,45.94,46,39,26.3,9,2,1
CUST-0764,49,Gelderland,Monthly,Basic,20.6,56,192,32.9,3,3,0
CUST-0765,33,Overijssel,1-Year,Basic,33.35,44,156,21.2,0,2,0
CUST-0766,25,Gelderland,1-Year,Premium,93.28,29,73,35.9,8,3,0
CUST-0767,55,Utrecht,Monthly,Basic,24.41,62,120,43.1,2,4,0
CUST-0768,29,Zuid-Holland,1-Year,Basic,23.15,52,146,8.2,3,0,0
CUST-0769,41,Utrecht,2-Year,Standard,47.56,54,2,22.9,4,1,0
CUST-0770,45,Zuid-Holland,Monthly,Standard,43.2,57,35,20.7,6,1,0
CUST-0771,25,Utrecht,Monthly,Standard,53.43,66,42,34.5,5,3,1
CUST-0772,45,Gelderland,1-Year,Basic,21.54,22,142,12.9,4,3,0
CUST-0773,53,Gelderland,Monthly,Basic,21.89,20,168,32.2,7,2,1
CUST-0774,43,Noord-Holland,Monthly,Premium,73.36,33,114,43.9,0,1,1
CUST-0775,25,Overijssel,Monthly,Basic,30.11,25,108,21.2,6,2,1
CUST-0776,67,Utrecht,Monthly,Standard,35.3,46,89,45.6,5,4,1
CUST-0777,45,Noord-Brabant,1-Year,Premium,97.97,57,163,49.7,4,1,0
CUST-0778,45,Noord-Holland,1-Year,Standard,53.52,5,83,5.8,6,4,0
CUST-0779,54,Utrecht,Monthly,Standard,47.13,55,76,12.0,2,0,0
CUST-0780,58,Utrecht,2-Year,Basic,29.05,61,160,47.5,0,2,0
CUST-0781,53,Noord-Holland,2-Year,Standard,59.31,8,4,47.9,8,3,0
CUST-0782,44,Gelderland,2-Year,Premium,61.41,16,77,5.3,1,1,0
CUST-0783,34,Utrecht,Monthly,Premium,72.93,48,90,1.2,9,2,1
CUST-0784,26,Gelderland,Monthly,Basic,24.14,61,86,8.5,2,3,0
CUST-0785,50,Noord-Holland,2-Year,Basic,31.53,15,13,49.8,7,0,0
CUST-0786,37,Gelderland,1-Year,Premium,74.26,65,103,9.4,9,1,0
CUST-0787,30,Zuid-Holland,Monthly,Premium,77.89,22,195,25.4,8,4,1
CUST-0788,45,Noord-Brabant,Monthly,Premium,98.62,3,82,42.5,2,0,1
CUST-0789,65,Utrecht,Monthly,Basic,29.38,54,174,1.5,5,3,1
CUST-0790,46,Overijssel,2-Year,Standard,41.0,14,53,30.4,6,1,0
CUST-0791,30,Noord-Brabant,1-Year,Premium,69.74,36,131,14.2,0,1,0
CUST-0792,63,Gelderland,Monthly,Standard,47.62,67,94,43.2,6,0,0
CUST-0793,52,Utrecht,Monthly,Standard,54.22,10,8,14.5,3,1,1
CUST-0794,23,Gelderland,1-Year,Basic,29.09,49,52,34.5,4,3,0
CUST-0795,35,Zuid-Holland,2-Year,Standard,49.42,65,76,33.9,7,0,0
CUST-0796,68,Noord-Holland,Monthly,Basic,20.67,57,59,11.5,3,4,1
CUST-0797,22,Utrecht,1-Year,Standard,35.91,27,45,2.2,3,0,0
CUST-0798,64,Zuid-Holland,2-Year,Premium,91.03,5,53,20.8,7,0,0
CUST-0799,42,Zuid-Holland,Monthly,Standard,55.85,71,73,14.8,4,4,0
CUST-0800,19,Utrecht,1-Year,Premium,82.55,57,111,40.5,5,3,0
CUST-0801,27,Gelderland,Monthly,Basic,24.98,15,94,40.1,4,2,1
CUST-0802,47,Overijssel,1-Year,Standard,45.95,30,164,23.1,0,2,0
CUST-0803,67,Zuid-Holland,1-Year,Premium,62.09,20,22,30.5,6,4,0
CUST-0804,62,Noord-Brabant,1-Year,Basic,21.22,37,26,30.4,5,3,0
CUST-0805,22,Zuid-Holland,1-Year,Basic,23.88,3,69,41.4,1,1,0
CUST-0806,50,Overijssel,Monthly,Standard,36.0,41,193,21.5,6,4,1
CUST-0807,18,Gelderland,2-Year,Basic,29.47,39,108,14.1,5,2,0
CUST-0808,35,Gelderland,1-Year,Premium,88.91,26,188,13.6,4,3,0
CUST-0809,49,Noord-Brabant,Monthly,Premium,72.77,2,76,27.0,7,0,1
CUST-0810,64,Zuid-Holland,1-Year,Standard,43.31,23,178,22.7,4,3,1
CUST-0811,66,Gelderland,1-Year,Basic,24.44,23,49,22.3,1,3,0
CUST-0812,28,Overijssel,Monthly,Standard,37.67,16,123,5.0,5,2,0
CUST-0813,38,Utrecht,2-Year,Premium,79.72,9,18,36.1,0,2,0
CUST-0814,43,Noord-Holland,2-Year,Basic,20.76,13,0,11.1,4,1,0
CUST-0815,42,Noord-Holland,Monthly,Standard,54.16,28,39,10.2,5,1,1
CUST-0816,39,Noord-Holland,2-Year,Standard,59.16,27,159,20.9,6,4,1
CUST-0817,44,Zuid-Holland,Monthly,Standard,59.25,51,21,11.8,1,0,0
CUST-0818,66,Noord-Brabant,Monthly,Basic,27.5,64,111,29.4,0,1,0
CUST-0819,30,Gelderland,Monthly,Premium,96.93,52,193,18.9,5,2,1
CUST-0820,50,Utrecht,2-Year,Basic,21.35,38,39,22.7,2,3,0
CUST-0821,51,Overijssel,1-Year,Basic,29.01,65,37,27.1,4,4,0
CUST-0822,58,Utrecht,Monthly,Premium,88.1,18,47,10.6,1,1,0
CUST-0823,52,Overijssel,Monthly,Premium,86.36,63,182,8.2,0,3,0
CUST-0824,18,Zuid-Holland,1-Year,Basic,26.1,51,74,44.1,0,3,1
CUST-0825,38,Noord-Holland,Monthly,Basic,22.15,9,182,22.0,3,1,1
CUST-0826,65,Zuid-Holland,2-Year,Basic,30.72,13,178,20.9,9,0,0
CUST-0827,23,Noord-Brabant,2-Year,Basic,24.4,40,106,2.3,1,0,0
CUST-0828,45,Noord-Brabant,1-Year,Basic,27.88,55,187,25.1,0,4,0
CUST-0829,34,Overijssel,2-Year,Basic,30.47,43,7,27.9,5,0,0
CUST-0830,22,Gelderland,Monthly,Standard,47.14,44,85,28.2,3,4,1
CUST-0831,48,Gelderland,2-Year,Premium,92.09,68,67,35.5,9,2,0
CUST-0832,22,Overijssel,1-Year,Standard,50.26,33,74,9.3,6,1,1
CUST-0833,55,Noord-Brabant,1-Year,Standard,48.66,24,199,13.0,5,3,0
CUST-0834,20,Noord-Brabant,Monthly,Basic,34.19,36,136,40.6,4,4,1
CUST-0835,40,Noord-Brabant,2-Year,Premium,66.05,10,89,47.4,9,0,1
CUST-0836,54,Zuid-Holland,Monthly,Premium,71.39,20,129,7.2,1,4,1
CUST-0837,54,Noord-Brabant,Monthly,Premium,75.04,12,79,25.1,4,4,1
CUST-0838,27,Utrecht,Monthly,Premium,90.25,62,94,11.1,8,0,0
CUST-0839,27,Noord-Holland,1-Year,Premium,81.59,18,69,3.5,8,0,0
CUST-0840,36,Noord-Brabant,1-Year,Standard,35.4,63,89,16.6,1,1,0
CUST-0841,34,Overijssel,1-Year,Basic,28.9,25,58,7.6,6,3,0
CUST-0842,38,Noord-Holland,2-Year,Standard,44.42,12,146,35.6,9,1,0
CUST-0843,31,Zuid-Holland,Monthly,Premium,76.42,21,27,26.9,3,1,0
CUST-0844,26,Overijssel,1-Year,Premium,97.33,25,71,7.6,2,0,0
CUST-0845,63,Noord-Holland,Monthly,Standard,52.08,11,13,1.0,0,0,1
CUST-0846,18,Overijssel,2-Year,Basic,28.35,64,23,40.5,2,3,0
CUST-0847,68,Zuid-Holland,2-Year,Standard,49.39,50,111,9.2,8,4,0
CUST-0848,62,Utrecht,1-Year,Premium,74.47,62,43,30.5,8,1,1
CUST-0849,30,Zuid-Holland,1-Year,Standard,49.54,49,55,17.2,6,3,1
CUST-0850,21,Zuid-Holland,Monthly,Standard,54.16,14,119,29.5,2,1,0
CUST-0851,18,Overijssel,Monthly,Basic,33.78,1,178,16.1,2,4,0
CUST-0852,66,Gelderland,2-Year,Standard,57.0,25,31,4.8,3,1,0
CUST-0853,57,Noord-Brabant,Monthly,Premium,80.49,59,177,11.5,6,2,1
CUST-0854,49,Noord-Brabant,Monthly,Standard,57.48,69,168,9.8,6,3,1
CUST-0855,51,Utrecht,Monthly,Premium,85.0,5,193,21.7,1,0,0
CUST-0856,45,Utrecht,2-Year,Standard,38.28,19,24,33.1,4,1,0
CUST-0857,48,Noord-Brabant,Monthly,Standard,42.74,23,115,13.6,6,3,1
CUST-0858,25,Gelderland,Monthly,Basic,20.0,9,188,1.1,6,3,1
CUST-0859,56,Noord-Brabant,1-Year,Premium,62.01,50,65,26.2,5,1,0
CUST-0860,43,Gelderland,2-Year,Standard,54.01,16,41,30.5,9,0,0
CUST-0861,51,Utrecht,Monthly,Standard,51.91,33,192,48.2,9,0,0
CUST-0862,20,Noord-Holland,Monthly,Standard,42.52,2,163,29.7,7,1,0
CUST-0863,67,Overijssel,Monthly,Premium,89.73,14,75,23.8,2,3,1
CUST-0864,29,Utrecht,Monthly,Basic,32.77,1,136,28.9,0,0,1
CUST-0865,18,Utrecht,Monthly,Premium,65.44,58,163,46.4,2,1,0
CUST-0866,61,Zuid-Holland,1-Year,Basic,28.49,16,37,41.5,1,1,0
CUST-0867,22,Zuid-Holland,1-Year,Standard,50.42,47,160,16.5,1,1,0
CUST-0868,47,Zuid-Holland,1-Year,Basic,21.28,44,169,12.2,1,3,0
CUST-0869,47,Overijssel,Monthly,Standard,43.15,14,60,13.5,4,0,0
CUST-0870,34,Zuid-Holland,2-Year,Standard,46.71,24,173,25.5,0,3,0
CUST-0871,65,Gelderland,Monthly,Basic,29.11,55,88,37.3,9,2,0
CUST-0872,64,Noord-Brabant,2-Year,Standard,59.62,15,188,25.4,3,0,0
CUST-0873,40,Noord-Holland,1-Year,Premium,76.3,34,17,3.9,9,3,1
CUST-0874,32,Utrecht,Monthly,Basic,21.42,2,69,36.3,4,0,0
CUST-0875,54,Gelderland,1-Year,Premium,62.24,27,81,40.4,1,2,0
CUST-0876,38,Noord-Holland,Monthly,Standard,54.23,23,115,14.8,4,4,1
CUST-0877,31,Gelderland,1-Year,Standard,45.64,68,79,33.4,9,1,0
CUST-0878,19,Gelderland,Monthly,Basic,34.81,14,14,21.6,3,3,1
CUST-0879,28,Utrecht,Monthly,Basic,26.66,63,175,44.5,7,2,1
CUST-0880,68,Noord-Brabant,2-Year,Basic,27.98,65,199,42.3,0,2,0
CUST-0881,56,Zuid-Holland,Monthly,Basic,33.1,68,12,26.5,4,0,0
CUST-0882,55,Overijssel,2-Year,Basic,34.93,63,118,34.7,9,0,0
CUST-0883,51,Noord-Brabant,Monthly,Standard,57.13,64,42,44.2,0,1,0
CUST-0884,55,Overijssel,1-Year,Premium,66.83,32,187,25.0,9,0,0
CUST-0885,67,Utrecht,1-Year,Premium,67.91,13,56,16.0,9,3,1
CUST-0886,51,Utrecht,1-Year,Standard,57.83,66,198,37.8,3,3,0
CUST-0887,35,Utrecht,Monthly,Basic,26.04,19,16,11.4,7,3,1
CUST-0888,47,Noord-Holland,Monthly,Basic,30.09,24,177,19.7,0,4,1
CUST-0889,32,Overijssel,Monthly,Standard,38.34,11,31,43.4,1,3,0
CUST-0890,44,Noord-Brabant,Monthly,Basic,24.73,59,149,36.4,0,0,0
CUST-0891,68,Noord-Brabant,1-Year,Standard,53.79,15,54,20.5,6,0,1
CUST-0892,51,Gelderland,2-Year,Standard,58.53,10,184,11.1,1,3,0
CUST-0893,69,Gelderland,2-Year,Standard,51.92,41,12,18.1,0,2,0
CUST-0894,55,Gelderland,1-Year,Standard,44.09,27,46,14.6,5,2,0
CUST-0895,50,Utrecht,1-Year,Premium,65.43,60,86,9.2,5,2,1
CUST-0896,41,Noord-Brabant,1-Year,Premium,65.83,52,61,37.3,9,1,0
CUST-0897,32,Overijssel,Monthly,Standard,43.3,28,181,13.0,1,4,0
CUST-0898,47,Utrecht,2-Year,Premium,85.71,65,28,23.0,0,3,0
CUST-0899,59,Noord-Holland,1-Year,Premium,91.31,17,21,19.6,9,1,1
CUST-0900,68,Gelderland,1-Year,Standard,58.24,44,64,49.1,2,2,0
CUST-0901,34,Utrecht,Monthly,Standard,40.12,10,28,19.9,9,3,1
CUST-0902,22,Utrecht,Monthly,Standard,54.95,63,47,4.5,4,1,1
CUST-0903,46,Noord-Holland,Monthly,Premium,69.74,47,4,4.9,5,0,1
CUST-0904,21,Zuid-Holland,2-Year,Premium,93.69,38,162,29.7,2,2,0
CUST-0905,27,Noord-Brabant,1-Year,Basic,26.65,70,100,30.2,8,1,0
CUST-0906,34,Overijssel,Monthly,Standard,42.07,53,70,21.2,4,0,0
CUST-0907,27,Zuid-Holland,2-Year,Standard,42.61,44,173,21.9,1,2,0
CUST-0908,34,Gelderland,Monthly,Standard,59.57,54,162,3.2,9,4,1
CUST-0909,37,Utrecht,Monthly,Basic,21.88,20,172,26.1,5,2,1
CUST-0910,41,Noord-Holland,Monthly,Premium,86.01,31,140,25.5,7,4,1
CUST-0911,22,Noord-Holland,1-Year,Standard,59.42,7,137,7.9,5,4,0
CUST-0912,51,Noord-Brabant,2-Year,Premium,97.91,58,65,5.6,3,4,0
CUST-0913,23,Zuid-Holland,Monthly,Premium,70.34,10,197,6.6,5,3,1
CUST-0914,19,Noord-Brabant,2-Year,Premium,73.49,10,71,5.5,7,3,0
CUST-0915,30,Utrecht,Monthly,Standard,56.74,39,24,30.7,7,4,1
CUST-0916,60,Noord-Brabant,2-Year,Standard,39.52,28,171,10.2,9,0,0
CUST-0917,60,Overijssel,1-Year,Basic,21.58,30,59,12.9,1,4,0
CUST-0918,65,Noord-Holland,2-Year,Standard,40.47,37,174,9.1,7,1,0
CUST-0919,28,Noord-Holland,Monthly,Basic,28.17,67,39,47.9,5,4,0
CUST-0920,68,Gelderland,2-Year,Standard,53.9,43,6,42.8,1,3,0
CUST-0921,64,Gelderland,1-Year,Basic,29.57,52,173,11.9,0,3,0
CUST-0922,40,Utrecht,Monthly,Basic,32.3,56,150,16.7,5,1,1
CUST-0923,33,Overijssel,2-Year,Basic,20.62,68,45,10.9,6,1,0
CUST-0924,48,Zuid-Holland,Monthly,Basic,27.47,9,85,24.8,9,2,1
CUST-0925,28,Noord-Brabant,2-Year,Premium,74.93,23,140,1.5,4,0,0
CUST-0926,33,Utrecht,Monthly,Premium,66.06,63,20,33.7,9,0,1
CUST-0927,25,Gelderland,1-Year,Standard,42.5,61,0,26.4,7,0,0
CUST-0928,21,Noord-Brabant,1-Year,Basic,29.2,40,122,45.0,8,3,0
CUST-0929,57,Gelderland,Monthly,Basic,33.47,44,146,8.6,3,0,0
CUST-0930,21,Noord-Brabant,Monthly,Basic,32.15,24,124,40.3,6,2,0
CUST-0931,42,Zuid-Holland,Monthly,Basic,28.75,51,187,39.7,7,2,1
CUST-0932,20,Utrecht,Monthly,Premium,85.13,58,32,6.8,5,0,0
CUST-0933,49,Noord-Brabant,Monthly,Basic,25.47,33,3,20.2,1,1,0
CUST-0934,20,Overijssel,1-Year,Standard,57.11,16,2,8.9,6,2,1
CUST-0935,44,Noord-Holland,Monthly,Basic,26.99,22,90,13.1,8,1,1
CUST-0936,46,Overijssel,Monthly,Basic,22.85,57,51,13.5,4,3,1
CUST-0937,49,Overijssel,1-Year,Standard,51.62,62,27,28.0,1,2,0
CUST-0938,67,Noord-Holland,Monthly,Standard,45.48,71,69,20.9,3,1,1
CUST-0939,68,Overijssel,2-Year,Basic,25.38,70,197,47.4,2,0,0
CUST-0940,36,Noord-Brabant,2-Year,Basic,33.67,30,182,6.8,3,3,0
CUST-0941,38,Noord-Brabant,1-Year,Standard,47.62,23,56,48.7,9,4,1
CUST-0942,22,Noord-Brabant,1-Year,Basic,24.74,32,107,11.9,6,4,1
CUST-0943,35,Noord-Holland,2-Year,Basic,20.85,57,143,38.8,9,0,0
CUST-0944,45,Overijssel,Monthly,Premium,86.03,9,23,17.3,7,3,0
CUST-0945,59,Noord-Holland,Monthly,Standard,35.96,31,196,7.6,0,3,0
CUST-0946,39,Noord-Brabant,Monthly,Standard,44.21,71,168,43.0,7,3,0
CUST-0947,38,Overijssel,1-Year,Standard,59.48,9,76,15.8,4,3,1
CUST-0948,23,Overijssel,Monthly,Standard,45.52,13,174,33.1,6,4,1
CUST-0949,18,Gelderland,1-Year,Standard,47.55,58,75,28.5,0,1,0
CUST-0950,22,Gelderland,2-Year,Standard,57.75,3,68,23.9,1,3,0
CUST-0951,58,Zuid-Holland,2-Year,Premium,90.28,35,100,25.0,0,1,0
CUST-0952,29,Utrecht,1-Year,Basic,34.02,21,158,36.7,4,3,1
CUST-0953,43,Gelderland,Monthly,Standard,54.95,64,91,4.8,5,2,1
CUST-0954,63,Noord-Holland,2-Year,Standard,56.61,52,91,33.6,9,2,1
CUST-0955,51,Gelderland,1-Year,Premium,88.8,34,29,44.8,8,2,1
CUST-0956,66,Zuid-Holland,Monthly,Standard,46.88,35,17,3.4,7,3,1
CUST-0957,31,Overijssel,Monthly,Standard,44.65,15,43,7.5,6,1,0
CUST-0958,43,Zuid-Holland,2-Year,Basic,20.93,6,154,36.0,4,4,0
CUST-0959,62,Overijssel,1-Year,Standard,52.43,32,98,22.1,2,0,0
CUST-0960,44,Overijssel,2-Year,Basic,27.59,52,153,20.5,8,4,0
CUST-0961,26,Utrecht,2-Year,Standard,56.57,28,120,7.3,4,3,0
CUST-0962,43,Gelderland,1-Year,Basic,29.87,64,114,25.6,2,2,0
CUST-0963,64,Noord-Holland,1-Year,Standard,36.72,19,59,6.8,2,2,0
CUST-0964,39,Noord-Holland,Monthly,Basic,26.78,15,145,24.1,2,1,0
CUST-0965,64,Noord-Brabant,Monthly,Standard,45.43,6,55,38.3,5,3,1
CUST-0966,47,Overijssel,Monthly,Premium,68.62,38,30,13.3,0,4,0
CUST-0967,60,Noord-Holland,1-Year,Basic,21.73,26,100,24.3,3,3,0
CUST-0968,65,Utrecht,1-Year,Standard,55.66,51,58,49.6,7,3,0
CUST-0969,34,Overijssel,2-Year,Standard,48.94,53,123,34.5,2,2,0
CUST-0970,43,Utrecht,Monthly,Basic,25.81,56,129,42.1,4,4,1
CUST-0971,53,Noord-Holland,1-Year,Premium,93.7,59,96,21.0,1,0,0
CUST-0972,18,Noord-Holland,1-Year,Basic,26.63,70,166,38.5,1,2,0
CUST-0973,25,Noord-Brabant,1-Year,Standard,42.27,58,188,2.5,6,4,1
CUST-0974,66,Noord-Holland,1-Year,Standard,46.74,13,106,6.6,9,1,0
CUST-0975,52,Overijssel,Monthly,Standard,56.45,43,190,10.6,2,2,1
CUST-0976,69,Overijssel,1-Year,Standard,42.62,51,17,20.4,4,1,0
CUST-0977,32,Overijssel,Monthly,Basic,29.73,19,144,42.4,2,2,0
CUST-0978,64,Noord-Brabant,Monthly,Basic,34.32,21,166,17.6,5,3,1
CUST-0979,39,Noord-Brabant,Monthly,Premium,62.63,24,70,32.9,9,4,1
CUST-0980,31,Noord-Holland,1-Year,Standard,54.5,26,105,35.6,2,1,0
CUST-0981,43,Zuid-Holland,2-Year,Premium,83.63,45,53,29.5,7,2,0
CUST-0982,45,Zuid-Holland,1-Year,Premium,86.11,28,93,18.2,1,1,0
CUST-0983,40,Noord-Brabant,1-Year,Premium,70.23,29,75,29.1,2,2,0
CUST-0984,31,Noord-Holland,1-Year,Standard,43.32,17,34,17.4,7,2,1
CUST-0985,41,Zuid-Holland,1-Year,Standard,58.5,68,10,4.7,7,0,0
CUST-0986,19,Noord-Holland,Monthly,Premium,67.8,44,60,49.6,0,0,0
CUST-0987,62,Noord-Holland,Monthly,Standard,59.7,61,43,6.8,7,0,0
CUST-0988,43,Noord-Holland,Monthly,Basic,31.02,68,120,4.1,9,1,1
CUST-0989,31,Gelderland,Monthly,Premium,90.49,25,67,44.0,1,3,0
CUST-0990,68,Overijssel,Monthly,Premium,88.54,67,24,15.4,6,2,1
CUST-0991,24,Noord-Holland,Monthly,Standard,46.51,2,175,32.7,5,4,0
CUST-0992,20,Gelderland,Monthly,Basic,28.93,49,159,16.8,1,0,0
CUST-0993,64,Noord-Brabant,2-Year,Standard,59.59,70,83,19.9,4,1,0
CUST-0994,40,Zuid-Holland,Monthly,Premium,77.28,26,113,13.5,6,1,1
CUST-0995,63,Overijssel,Monthly,Premium,98.66,27,131,17.5,7,1,1
CUST-0996,60,Zuid-Holland,Monthly,Basic,32.05,18,165,20.8,2,4,0
CUST-0997,64,Overijssel,1-Year,Basic,28.1,54,190,36.2,0,4,0
CUST-0998,62,Zuid-Holland,Monthly,Premium,75.58,1,174,25.8,6,0,1
CUST-0999,35,Overijssel,Monthly,Standard,35.98,61,0,47.2,4,4,1
CUST-1000,55,Zuid-Holland,1-Year,Standard,35.55,3,130,2.6,4,0,0
